Gender,CustomerID
Male,877687
Male,877723
Male,877757
Male,877792
Male,877840
Male,877988
Male,878821
Male,878822
Male,878842
Male,878855
Male,878871
Male,878907
Male,878908
Female,878912
Male,878919
Male,878974
Male,878977
Male,878993
Male,879011
Male,879017
Male,879020
Male,879033
Female,879055
Male,879061
Female,879072
Female,879232
Male,879264
Male,879306
Male,879310
Male,879403
Male,879453
Male,879454
Male,879478
Male,879500
Male,879535
Male,879889
Male,879926
Male,881801
Male,882315
Male,882316
Male,882319
Male,882320
Female,882321
Male,882324
Male,882325
Male,882326
Male,882328
Male,882330
Male,882332
Male,882333
Male,882336
Female,882337
Male,882340
Male,882341
Male,882342
Male,882343
Male,882346
Female,882348
Male,882350
Male,882351
Male,882354
Male,882356
Female,882357
Female,882358
Male,882359
Male,882360
Male,882364
Male,882366
Male,882367
Male,882368
Male,882371
Male,882372
Male,882375
Male,882376
Male,882377
Male,882382
Male,882383
Female,882387
Male,882388
Male,882391
Female,882392
Male,882393
Male,882395
Male,882397
Male,882398
Male,882402
Male,882403
Male,882407
Male,882409
Male,882410
Male,882413
Male,882414
Male,882415
Female,882419
Male,882423
Male,882424
Male,882425
Male,882426
Male,882428
Male,882429
Male,882433
Male,882434
Male,882435
Male,882437
Female,882439
Female,882440
Male,882442
Male,882444
Male,882446
Male,882449
Male,882451
Male,882452
Male,882457
Male,882459
Female,882462
Male,882463
Male,882464
Male,882465
Male,882467
Male,882469
Male,882471
Female,882475
Male,882476
Male,882478
Male,882479
Male,882481
Male,882482
Male,882483
Male,882484
Male,882491
Male,882494
Male,882497
Male,882500
Male,882501
Male,882503
Male,882504
Male,882506
Male,882507
Male,882508
Male,882512
Male,882515
Male,882517
Female,882518
Male,882521
Male,882522
Male,882523
Male,882527
Male,882531
Male,882532
Male,882535
Female,882537
Male,882543
Male,882545
Male,882550
Female,882551
Male,882553
Male,882559
Male,882560
Female,882563
Male,882564
Female,882565
Male,882569
Female,882573
Female,882574
Male,882576
Male,882577
Female,882578
Male,882581
Male,882583
Male,882585
Female,882587
Male,882590
Female,882591
Female,882593
Male,882594
Female,882597
Male,882599
Male,882600
Male,882602
Male,882607
Male,882608
Male,882609
Male,882612
Male,882616
Male,882621
Male,882622
Male,882623
Male,882626
Male,882627
Male,882628
Male,882631
Male,882632
Male,882636
Male,882638
Male,882639
Female,882640
Male,882645
Male,882648
Male,882650
Male,882652
Male,882656
Male,882658
Female,882660
Male,882666
Male,882667
Male,882674
Male,882677
Male,882678
Male,882683
Female,882684
Male,882685
Male,882693
Male,882694
Male,882699
Male,882700
Male,882701
Male,882705
Female,882709
Male,882713
Female,882715
Male,882720
Female,882721
Male,882728
Male,882729
Male,882731
Male,882735
Female,882737
Male,882738
Male,882739
Female,882741
Male,882745
Male,882747
Male,882750
Male,882752
Male,882756
Male,882757
Male,882760
Male,882763
Female,882766
Male,882768
Female,882769
Male,882772
Male,882775
Male,882778
Female,882783
Male,882784
Female,882787
Male,882793
Male,882796
Male,882799
Male,882801
Female,882804
Male,882807
Male,882808
Male,882812
Male,882816
Female,882817
Male,882821
Male,882824
Female,882827
Female,882828
Male,882830
Male,882837
Female,882844
Male,882853
Male,882856
Male,882859
Male,882868
Female,882869
Male,882886
Male,882891
Male,882896
Male,882902
Male,882910
Male,882911
Female,882919
Male,882923
Male,882927
Male,882932
Male,882934
Female,882936
Female,882938
Male,882941
Male,882942
Female,882945
Male,882951
Male,882955
Male,882957
Male,882959
Female,882961
Female,882962
Male,882963
Female,882964
Male,882969
Male,882971
Male,882973
Male,882975
Male,882977
Male,882984
Male,882987
Male,882989
Male,882991
Male,882994
Male,882999
Male,883011
Male,883016
Male,883018
Male,883021
Male,883028
Male,883035
Male,883043
Male,883047
Male,883062
Male,883064
Male,883072
Male,883077
Male,883079
Male,883085
Male,883102
Male,883115
Male,883122
Male,883127
Male,883161
Male,883169
Male,883175
Male,883247
Male,883334
Male,883364
Male,883388
Male,883405
Male,883418
Female,883424
Male,883432
Female,883438
Male,883441
Female,883444
Male,883446
Male,883449
Male,883450
Female,883455
Male,883457
Male,883459
Male,883463
Male,883467
Male,883476
Male,883483
Male,883486
Female,883494
Male,883498
Male,883507
Male,883513
Male,883522
Male,883526
Male,883527
Male,883546
Female,883554
Male,883556
Male,883565
Female,883571
Male,883573
Male,883597
Female,883598
Male,883613
Male,883619
Male,883624
Male,883631
Female,883632
Male,883665
Male,883670
Male,883696
Male,883716
Male,883724
Female,883730
Male,883736
Female,883739
Female,883753
Female,883768
Female,883773
Male,883790
Male,883808
Male,883878
Male,883931
Male,883950
Male,883956
Male,883979
Female,884001
Female,884080
Male,884112
Male,884199
Male,884217
Female,884225
Male,884248
Female,884270
Male,884303
Male,884339
Female,884357
Male,884384
Male,884423
Male,884596
Male,884624
Male,884673
Male,884717
Female,884766
Female,884789
Male,884804
Male,884848
Male,884851
Male,884856
Male,884859
Female,884860
Male,884862
Male,884867
Male,884870
Male,884872
Female,884873
Male,884878
Male,884879
Male,884881
Male,884887
Male,884892
Male,884895
Male,884897
Female,884899
Male,884908
Male,884909
Male,884912
Male,884913
Male,884914
Male,884916
Male,884919
Male,884920
Male,884921
Male,884924
Male,884926
Male,884931
Male,884932
Male,884939
Male,884945
Male,884947
Male,884948
Male,884949
Female,884951
Male,884954
Male,884955
Male,884960
Male,884961
Female,884964
Male,884965
Female,884970
Male,884971
Male,884976
Male,884979
Male,884980
Male,884987
Male,884988
Female,884989
Male,884995
Male,884997
Female,884999
Female,885001
Male,885004
Male,885008
Male,885017
Female,885024
Male,885032
Male,885039
Male,885041
Male,885044
Male,885047
Male,885052
Male,885056
Male,885063
Male,885072
Male,885075
Male,885076
Male,885079
Male,885084
Male,885085
Male,885086
Male,885097
Male,885103
Male,885104
Male,885107
Male,885126
Male,885129
Male,885149
Male,885152
Male,885159
Female,885163
Male,885168
Female,885199
Male,885210
Female,885220
Male,885227
Male,885229
Male,885237
Male,885260
Male,885269
Female,885279
Male,885282
Male,885292
Male,885297
Female,885301
Male,885314
Male,885316
Male,885321
Male,885341
Male,885344
Female,885350
Male,885360
Female,885362
Male,885365
Male,885373
Male,885379
Male,885383
Male,885396
Male,885416
Male,885449
Male,885491
Male,885544
Male,885565
Female,885582
Female,885638
Male,885715
Male,885811
Male,885839
Male,885914
Male,886081
Male,886169
Male,886213
Male,886308
Male,886445
Male,886455
Male,886888
Female,886898
Male,886938
Male,886984
Male,886993
Male,887015
Female,887022
Female,887026
Male,887086
Male,887298
Male,887309
Male,887325
Male,887335
Male,887347
Female,887376
Male,887420
Female,887509
Male,887609
Male,887618
Male,887658
Male,887666
Male,887871
Male,887894
Male,887898
Female,887903
Male,887905
Male,887908
Female,887913
Male,887917
Male,887920
Female,887924
Male,887925
Male,887929
Male,887933
Female,887934
Male,887936
Male,887939
Male,887941
Male,887945
Male,887946
Male,887947
Male,887949
Male,887952
Male,887954
Male,887955
Female,887957
Male,887962
Male,887963
Male,887966
Female,887968
Female,887969
Male,887973
Male,887979
Male,887982
Male,887987
Male,887989
Male,887990
Male,887991
Male,887992
Male,887995
Male,887999
Male,888005
Male,888006
Male,888007
Male,888008
Male,888014
Female,888017
Male,888018
Male,888019
Male,888020
Female,888021
Male,888025
Male,888027
Male,888028
Male,888029
Male,888031
Male,888032
Male,888033
Male,888038
Male,888041
Male,888045
Female,888049
Male,888050
Female,888054
Male,888055
Male,888057
Male,888059
Male,888060
Male,888061
Male,888064
Male,888067
Male,888069
Male,888071
Male,888077
Female,888078
Female,888079
Male,888080
Male,888083
Male,888084
Male,888085
Male,888086
Male,888090
Female,888091
Male,888094
Male,888095
Male,888101
Male,888104
Male,888106
Female,888108
Female,888110
Male,888112
Male,888114
Male,888115
Male,888119
Male,888121
Male,888123
Female,888125
Male,888126
Male,888127
Female,888130
Male,888131
Male,888133
Male,888137
Male,888138
Male,888139
Female,888140
Male,888142
Male,888144
Male,888146
Female,888148
Male,888149
Male,888153
Male,888154
Male,888155
Female,888156
Male,888157
Female,888158
Female,888161
Male,888165
Male,888170
Male,888172
Male,888175
Male,888177
Male,888178
Male,888179
Male,888199
Female,888211
Female,888213
Male,888218
Female,888227
Male,888228
Male,888265
Male,888268
Male,888278
Male,888287
Female,888297
Male,888302
Male,888325
Female,888341
Male,888342
Male,888344
Male,888355
Male,888358
Male,888368
Male,888371
Male,888378
Male,888386
Female,888388
Male,888389
Male,888399
Male,888418
Male,888420
Male,888425
Male,888431
Male,888437
Male,888449
Female,888451
Female,888455
Male,888457
Male,888466
Male,888472
Male,888474
Male,888493
Male,888501
Male,888504
Male,888510
Male,888513
Male,888522
Male,888529
Male,888533
Female,888535
Male,888544
Male,888549
Male,888551
Male,888556
Female,888560
Female,888563
Male,888565
Male,888567
Male,888568
Female,888582
Male,888589
Male,888591
Male,888592
Male,888593
Male,888594
Male,888600
Male,888601
Male,888606
Male,888608
Male,888613
Male,888618
Male,888619
Female,888621
Female,888622
Male,888630
Male,888634
Male,888637
Male,888650
Male,888651
Male,888652
Female,888655
Male,888660
Female,888663
Male,888665
Male,888667
Male,888671
Female,888673
Male,888679
Male,888681
Female,888684
Female,888686
Male,888695
Female,888696
Male,888698
Female,888699
Male,888703
Male,888704
Male,888705
Male,888708
Female,888710
Female,888712
Male,888713
Male,888722
Male,888723
Female,888727
Male,888730
Male,888731
Female,888732
Male,888733
Male,888734
Male,888736
Male,888738
Male,888739
Female,888743
Male,888749
Female,888752
Male,888753
Male,888760
Female,888762
Male,888764
Male,888767
Male,888769
Male,888773
Female,888777
Male,888778
Male,888787
Male,888788
Male,888790
Female,888794
Male,888796
Male,888799
Male,888807
Male,888808
Female,888810
Male,888811
Male,888813
Female,888814
Female,888815
Male,888821
Male,888823
Male,888827
Male,888829
Female,888831
Female,888836
Male,888838
Male,888842
Male,888844
Female,888846
Male,888847
Male,888848
Male,888856
Male,888857
Male,888863
Male,888864
Male,888865
Male,888868
Male,888871
Male,888872
Male,888875
Male,888883
Male,888884
Male,888890
Male,888891
Male,888895
Male,888899
Male,888902
Male,888909
Male,888910
Male,888917
Female,888920
Male,888922
Male,888924
Female,888927
Male,888928
Male,888931
Male,888938
Male,888940
Male,888942
Male,888944
Male,888945
Male,888946
Male,888947
Male,888951
Male,888956
Female,888960
Female,888961
Male,888967
Male,888973
Male,888976
Male,888978
Male,888979
Male,888980
Female,888981
Male,888982
Female,888987
Male,888988
Male,888991
Male,888997
Female,888998
Male,889002
Male,889005
Female,889006
Male,889007
Male,889008
Male,889010
Male,889014
Male,889022
Male,889024
Male,889025
Male,889026
Male,889028
Female,889031
Male,889034
Male,889037
Male,889038
Male,889040
Male,889047
Male,889048
Male,889050
Male,889051
Male,889052
Female,889062
Male,889064
Male,889066
Male,889072
Male,889073
Male,889074
Male,889075
Male,889077
Male,889078
Male,889088
Male,889090
Male,889094
Male,889095
Male,889098
Male,889100
Male,889109
Male,889110
Male,889113
Female,889119
Male,889122
Male,889123
Male,889126
Male,889130
Male,889132
Male,889134
Male,889135
Male,889139
Male,889144
Female,889146
Male,889147
Male,889150
Female,889152
Male,889154
Male,889155
Male,889159
Male,889161
Male,889162
Male,889164
Male,889165
Male,889167
Male,889170
Male,889173
Male,889174
Male,889175
Female,889178
Male,889179
Male,889182
Male,889186
Male,889188
Male,889191
Male,889195
Female,889197
Male,889202
Male,889205
Male,889207
Male,889210
Male,889212
Male,889215
Male,889218
Male,889219
Male,889220
Male,889221
Male,889223
Male,889227
Female,889228
Male,889231
Male,889233
Male,889236
Female,889237
Male,889238
Male,889241
Male,889243
Male,889245
Female,889250
Male,889251
Male,889254
Female,889256
Male,889257
Male,889260
Male,889261
Male,889262
Female,889264
Male,889267
Male,889268
Male,889270
Female,889275
Female,889276
Male,889277
Male,889280
Male,889281
Male,889282
Female,889283
Male,889284
Male,889285
Male,889287
Male,889291
Male,889292
Female,889297
Male,889299
Male,889304
Male,889306
Female,889307
Male,889309
Male,889310
Female,889312
Male,889317
Female,889318
Male,889319
Male,889328
Female,889332
Male,889334
Male,889337
Female,889339
Female,889340
Male,889345
Female,889346
Male,889347
Male,889349
Male,889350
Male,889358
Male,889361
Female,889374
Male,889376
Male,889378
Male,889379
Male,889380
Female,889381
Male,889385
Male,889386
Male,889387
Female,889390
Male,889393
Female,889394
Male,889396
Female,889399
Female,889400
Male,889404
Female,889405
Female,889407
Female,889409
Male,889411
Male,889413
Female,889414
Male,889417
Female,889423
Male,889424
Male,889426
Male,889429
Male,889430
Female,889431
Male,889435
Male,889440
Female,889441
Female,889443
Female,889452
Female,889456
Male,889463
Male,889465
Male,889468
Male,889471
Male,889477
Male,889478
Female,889480
Male,889481
Female,889483
Female,889484
Male,889487
Male,889494
Male,889496
Male,889499
Male,889503
Male,889504
Male,889508
Male,889509
Male,889511
Female,889512
Male,889513
Male,889517
Female,889519
Male,889525
Female,889533
Female,889534
Female,889538
Male,889544
Male,889555
Female,889556
Male,889557
Male,889563
Male,889566
Female,889569
Male,889570
Male,889575
Female,889576
Male,889578
Male,889579
Male,889584
Male,889585
Female,889586
Female,889588
Male,889589
Male,889592
Male,889595
Female,889597
Male,889598
Male,889600
Male,889601
Male,889603
Male,889611
Female,889613
Female,889614
Male,889620
Female,889622
Male,889628
Female,889629
Male,889630
Male,889633
Female,889637
Male,889641
Male,889642
Male,889643
Female,889645
Female,889657
Male,889661
Male,889663
Male,889664
Female,889666
Male,889667
Female,889670
Male,889671
Male,889674
Female,889675
Female,889679
Male,889680
Female,889681
Male,889686
Male,889687
Female,889690
Male,889691
Male,889693
Female,889701
Male,889702
Male,889704
Female,889705
Male,889709
Male,889711
Male,889713
Male,889715
Male,889717
Male,889718
Male,889719
Female,889720
Female,889721
Male,889724
Male,889730
Male,889731
Male,889732
Male,889736
Male,889738
Male,889739
Male,889740
Female,889742
Male,889743
Male,889745
Female,889749
Male,889752
Male,889753
Male,889755
Male,889757
Male,889759
Male,889761
Male,889762
Female,889768
Male,889769
Male,889770
Female,889773
Male,889774
Male,889775
Male,889776
Male,889777
Male,889779
Male,889783
Male,889784
Male,889785
Male,889788
Male,889790
Male,889791
Female,889792
Male,889793
Male,889794
Male,889795
Male,889797
Male,889801
Male,889806
Male,889809
Male,889812
Male,889813
Male,889815
Female,889816
Male,889817
Male,889818
Male,889821
Male,889822
Male,889823
Female,889826
Male,889827
Male,889831
Male,889832
Male,889834
Female,889838
Male,889839
Male,889842
Male,889843
Male,889844
Female,889847
Female,889848
Male,889851
Male,889853
Male,889858
Male,889859
Male,889861
Female,889862
Male,889864
Female,889866
Female,889868
Male,889869
Male,889871
Male,889872
Male,889877
Male,889878
Male,889880
Female,889882
Male,889883
Male,889885
Female,889886
Male,889887
Male,889892
Male,889893
Male,889894
Male,889895
Male,889896
Male,889897
Male,889900
Female,889901
Male,889903
Female,889905
Female,889906
Male,889911
Female,889912
Male,889915
Male,889918
Male,889920
Male,889921
Female,889926
Male,889931
Female,889932
Female,889937
Male,889938
Male,889942
Male,889944
Male,889947
Female,889950
Female,889952
Male,889956
Male,889958
Male,889960
Female,889965
Male,889969
Male,889973
Male,889975
Male,889977
Male,889978
Female,889981
Male,889982
Male,889984
Male,889986
Male,889987
Male,889989
Female,889991
Male,889995
Male,889996
Female,889997
Male,890000
Female,890006
Male,890012
Female,890013
Female,890014
Male,890019
Male,890022
Male,890023
Female,890027
Male,890028
Female,890030
Male,890031
Male,890034
Male,890036
Male,890040
Male,890047
Female,890051
Male,890052
Male,890055
Male,890056
Male,890057
Female,890059
Male,890061
Male,890062
Male,890065
Male,890067
Male,890070
Male,890073
Male,890074
Male,890076
Male,890079
Male,890080
Female,890083
Male,890085
Male,890086
Male,890089
Male,890091
Male,890092
Female,890093
Female,890094
Male,890096
Male,890098
Male,890099
Male,890100
Male,890102
Male,890104
Male,890105
Male,890107
Male,890111
Female,890114
Male,890115
Male,890119
Male,890122
Male,890124
Female,890125
Male,890127
Male,890131
Male,890133
Male,890134
Male,890136
Male,890138
Male,890141
Female,890142
Male,890146
Male,890147
Male,890148
Female,890150
Male,890153
Male,890155
Male,890156
Male,890160
Male,890161
Male,890163
Male,890178
Male,890180
Male,890200
Female,890213
Male,890215
Female,890220
Male,890240
Male,890242
Male,890248
Male,890251
Male,890254
Male,890257
Male,890260
Male,890264
Female,890265
Male,890267
Female,890273
Male,890275
Male,890276
Male,890279
Male,890288
Male,890292
Male,890293
Male,890299
Male,890300
Male,890302
Female,890304
Male,890306
Male,890317
Male,890319
Male,890323
Male,890324
Male,890326
Male,890329
Male,890333
Male,890334
Male,890335
Male,890338
Female,890342
Male,890353
Male,890362
Male,890371
Male,890378
Male,890389
Female,890393
Male,890398
Male,890406
Male,890416
Male,890420
Male,890428
Male,890440
Male,890443
Male,890445
Male,890455
Male,890459
Male,890461
Male,890470
Male,890475
Male,890477
Female,890478
Male,890482
Male,890490
Male,890494
Male,890497
Male,890514
Male,890516
Male,890520
Male,890529
Male,890533
Male,890541
Male,890551
Male,890565
Male,890570
Male,890571
Male,890594
Male,890597
Male,890603
Male,890606
Male,890621
Male,890657
Male,890663
Male,890671
Male,890684
Male,890687
Male,890698
Male,890706
Male,890707
Male,890708
Male,890717
Male,890719
Female,890727
Male,890736
Male,890737
Male,890741
Male,890743
Female,890745
Female,890758
Female,890769
Male,890777
Male,890783
Male,890801
Male,890834
Male,890841
Male,890846
Male,890870
Male,890871
Female,890881
Male,890883
Male,890891
Male,890892
Male,890896
Male,890903
Male,890911
Male,890912
Male,890918
Male,890920
Male,890923
Male,890930
Male,890940
Male,890942
Male,890951
Male,890975
Female,890984
Male,890989
Male,890999
Male,891017
Female,891018
Male,891022
Male,891024
Male,891032
Male,891040
Male,891055
Male,891058
Male,891063
Male,891074
Male,891088
Female,891103
Male,891117
Male,891126
Male,891134
Male,891138
Male,891175
Male,891185
Male,891225
Male,891235
Female,891237
Male,891256
Male,891260
Male,891279
Male,891283
Male,891294
Male,891296
Male,891304
Male,891314
Female,891321
Male,891326
Male,891333
Male,891335
Male,891358
Male,891361
Male,891369
Female,891372
Male,891374
Male,891376
Male,891378
Male,891384
Female,891385
Male,891394
Male,891396
Male,891397
Female,891402
Male,891409
Male,891410
Male,891411
Male,891422
Male,891425
Male,891426
Male,891430
Male,891431
Male,891433
Male,891434
Male,891435
Male,891441
Male,891450
Male,891451
Male,891454
Male,891456
Female,891457
Female,891467
Male,891469
Male,891471
Male,891475
Male,891480
Male,891481
Male,891483
Male,891484
Male,891487
Male,891492
Male,891496
Female,891500
Male,891501
Male,891511
Female,891512
Male,891513
Male,891514
Male,891520
Female,891522
Male,891523
Female,891524
Male,891526
Male,891532
Male,891537
Male,891539
Male,891540
Male,891545
Female,891549
Male,891550
Female,891551
Male,891553
Male,891559
Male,891564
Male,891565
Male,891573
Female,891576
Male,891580
Female,891586
Male,891588
Male,891589
Female,891594
Male,891599
Male,891600
Male,891604
Male,891611
Female,891612
Female,891615
Male,891616
Female,891619
Male,891620
Male,891633
Male,891634
Female,891637
Female,891640
Male,891644
Male,891645
Male,891652
Male,891654
Female,891655
Male,891660
Male,891661
Male,891665
Male,891669
Male,891670
Male,891671
Male,891673
Male,891675
Male,891679
Female,891684
Male,891685
Male,891693
Male,891696
Male,891697
Female,891703
Male,891709
Male,891710
Female,891713
Male,891714
Female,891718
Female,891719
Female,891721
Male,891724
Female,891731
Male,891733
Male,891734
Male,891735
Male,891737
Male,891742
Male,891745
Female,891751
Male,891754
Male,891756
Male,891759
Male,891762
Male,891767
Male,891769
Male,891773
Male,891774
Male,891780
Male,891784
Male,891788
Male,891792
Female,891793
Male,891796
Female,891800
Female,891803
Female,891806
Male,891809
Female,891812
Male,891814
Male,891815
Male,891817
Female,891818
Male,891821
Male,891824
Male,891825
Male,891828
Male,891829
Male,891836
Male,891841
Male,891848
Female,891854
Male,891855
Male,891857
Male,891861
Female,891866
Male,891871
Male,891873
Male,891877
Female,891878
Male,891883
Male,891886
Male,891887
Male,891890
Male,891891
Male,891893
Female,891902
Male,891903
Male,891907
Male,891909
Male,891910
Male,891917
Male,891919
Male,891920
Female,891923
Male,891924
Male,891925
Male,891927
Male,891929
Male,891931
Male,891933
Male,891935
Female,891937
Male,891939
Male,891946
Male,891950
Male,891957
Female,891961
Male,891962
Male,891963
Female,891966
Female,891969
Male,891971
Female,891973
Male,891974
Male,891978
Male,891979
Male,891983
Male,891984
Male,891985
Male,891991
Male,891992
Female,892002
Male,892005
Male,892007
Female,892008
Male,892010
Male,892013
Male,892016
Male,892021
Male,892028
Male,892041
Male,892045
Male,892052
Female,892054
Male,892060
Male,892061
Male,892062
Female,892067
Male,892070
Male,892073
Male,892075
Male,892078
Female,892079
Female,892081
Male,892084
Female,892086
Male,892088
Female,892089
Female,892092
Male,892097
Male,892100
Male,892109
Male,892110
Female,892123
Female,892126
Male,892129
Male,892134
Male,892137
Male,892138
Male,892150
Male,892153
Male,892155
Male,892158
Male,892159
Male,892161
Male,892166
Male,892169
Female,892182
Male,892198
Male,892203
Male,892204
Female,892209
Male,892218
Female,892221
Male,892222
Female,892224
Male,892227
Male,892249
Male,892251
Male,892254
Female,892256
Male,892257
Male,892270
Male,892274
Male,892276
Male,892280
Male,892281
Female,892284
Female,892294
Male,892298
Female,892303
Male,892306
Female,892311
Female,892312
Female,892314
Female,892316
Male,892318
Male,892321
Male,892325
Male,892328
Female,892330
Male,892342
Male,892349
Male,892352
Male,892367
Male,892369
Male,892374
Female,892380
Female,892381
Male,892383
Male,892386
Male,892389
Male,892392
Male,892401
Male,892402
Male,892405
Female,892421
Female,892445
Female,892448
Male,892450
Male,892452
Female,892453
Female,892461
Male,892465
Male,892466
Male,892473
Male,892475
Female,892477
Male,892480
Male,892483
Female,892486
Female,892491
Male,892497
Male,892501
Male,892505
Male,892507
Male,892510
Male,892514
Male,892530
Female,892531
Female,892532
Male,892536
Male,892538
Male,892542
Male,892543
Male,892545
Male,892559
Male,892562
Female,892565
Male,892576
Male,892581
Male,892587
Male,892592
Male,892593
Male,892617
Female,892628
Male,892634
Male,892636
Male,892639
Male,892643
Male,892646
Male,892649
Male,892657
Male,892666
Male,892669
Male,892671
Male,892682
Male,892702
Male,892721
Male,892734
Male,892737
Male,892741
Male,892784
Male,892805
Male,892807
Male,892824
Male,892840
Female,892863
Male,892870
Male,892890
Male,892909
Female,892912
Male,892915
Male,892921
Male,892922
Male,892927
Male,892978
Male,892979
Male,892993
Male,893010
Male,893014
Male,893016
Male,893031
Female,893034
Male,893037
Male,893050
Male,893071
Male,893097
Male,893104
Female,893128
Male,893132
Male,893140
Male,893187
Female,893199
Male,893221
Male,893439
Female,893521
Male,893524
Male,893547
Male,893569
Male,893591
Male,893594
Male,893697
Male,893702
Male,893709
Male,893745
Male,893794
Male,893812
Female,893827
Female,893831
Male,893935
Male,894048
Male,894203
Male,894215
Male,894247
Male,894603
Male,895043
Female,895103
Male,895188
Male,895240
Male,895646
Male,895788
Male,895949
Male,895970
Male,896261
Male,896430
Male,896473
Female,896573
Female,896948
Male,897420
Female,897636
Female,897923
Male,898014
Male,898021
Male,898682
Male,899007
Male,899035
Male,899257
Male,899304
Female,899392
Male,899418
Male,899513
Female,899575
Male,899598
Male,899625
Male,899688
Male,899690
Male,899809
Male,899810
Male,899833
Male,899860
Male,899873
Female,899883
Female,899904
Male,899932
Male,899955
Male,900024
Female,900062
Male,900065
Male,900094
Male,900137
Male,900145
Male,900148
Male,900157
Male,900163
Male,900164
Female,900204
Female,900214
Male,900231
Male,900277
Male,900297
Male,900306
Male,900309
Male,900339
Male,900371
Male,900389
Male,900513
Female,900541
Male,900558
Male,900576
Male,900641
Male,900685
Female,900731
Male,901032
Male,901197
Female,901572
Female,901678
Male,901836
Male,901904
Male,901961
Female,902036
Male,902050
Male,902212
Male,902223
Male,902290
Male,902823
Male,902997
Male,903084
Male,903092
Male,903166
Female,903175
Female,903193
Female,903197
Male,903201
Male,903330
Male,903408
Male,903500
Male,903583
Male,903584
Female,903585
Female,903588
Male,903597
Male,903600
Female,903604
Male,903606
Male,903607
Male,903609
Male,903613
Female,903614
Male,903616
Male,903618
Male,903622
Male,903626
Male,903629
Female,903634
Male,903636
Male,903642
Male,903646
Male,903652
Male,903778
Female,903826
Male,903828
Male,903839
Female,903851
Male,903863
Female,903873
Male,903909
Female,903911
Male,903919
Male,903927
Male,903930
Male,903931
Female,903932
Male,903936
Female,903941
Male,903943
Male,903948
Male,903949
Male,903950
Male,903951
Male,903955
Female,903997
Male,904002
Female,904008
Male,904012
Male,904015
Male,904027
Male,904043
Female,904045
Male,904046
Female,904052
Female,904073
Male,904074
Female,904076
Male,904083
Male,904094
Male,904096
Male,904099
Male,904103
Male,904104
Male,904112
Male,904114
Male,904121
Male,904123
Male,904126
Male,904128
Female,904139
Female,904143
Female,904153
Male,904157
Male,904161
Male,904167
Female,904202
Male,904210
Female,904215
Male,904225
Male,904234
Female,904241
Male,904251
Male,904263
Female,904271
Female,904275
Female,904283
Male,904294
Female,904300
Male,904303
Male,904309
Male,904318
Male,904319
Male,904321
Male,904323
Male,904328
Male,904339
Female,904346
Male,904348
Female,904368
Female,904374
Female,904375
Female,904377
Male,904392
Male,904394
Male,904399
Female,904406
Female,904409
Male,904462
Male,904463
Male,904469
Male,904483
Male,904484
Male,904502
Male,904517
Male,904521
Male,904527
Male,904531
Male,904533
Female,904543
Male,904730
Female,904817
Male,904823
Male,904908
Female,904910
Male,904984
Female,905047
Male,905118
Male,905160
Male,905165
Male,905166
Male,905206
Male,905210
Female,905215
Male,905257
Male,905267
Male,905291
Male,905345
Male,905366
Male,905457
Male,905587
Male,905634
Male,905681
Male,905802
Male,905837
Male,905871
Female,905935
Female,905969
Male,906010
Male,906016
Female,906032
Male,906036
Female,906038
Male,906040
Male,906061
Male,906071
Male,906073
Female,906075
Female,906077
Male,906079
Male,906083
Male,906086
Female,906087
Male,906090
Male,906100
Male,906101
Male,906104
Female,906105
Male,906107
Female,906109
Male,906110
Female,906111
Male,906118
Female,906121
Female,906124
Female,906129
Female,906132
Male,906136
Male,906137
Female,906141
Male,906142
Male,906147
Male,906148
Female,906149
Male,906151
Female,906159
Male,906162
Female,906165
Male,906166
Male,906174
Female,906175
Male,906176
Female,906178
Male,906179
Female,906181
Male,906182
Male,906185
Male,906189
Female,906197
Female,906201
Male,906208
Male,906213
Female,906220
Male,906221
Female,906228
Female,906231
Male,906232
Male,906251
Male,906253
Male,906271
Male,906275
Female,906279
Female,906280
Female,906287
Male,906290
Male,906300
Female,906328
Male,906332
Female,906335
Male,906343
Male,906355
Male,906361
Male,906374
Male,906375
Male,906388
Female,906398
Male,906403
Male,906406
Male,906420
Male,906430
Male,906432
Female,906490
Male,906493
Female,906494
Male,906499
Female,906512
Male,906535
Male,906563
Male,906573
Male,906616
Male,906712
Male,906758
Male,906768
Female,906783
Female,906796
Male,906908
Male,906941
Male,906948
Male,906977
Male,907032
Female,907091
Female,907403
Female,907445
Male,907552
Male,907560
Female,907568
Male,907683
Male,907747
Female,907815
Male,907893
Male,907904
Male,908084
Male,908194
Female,908351
Male,908397
Male,908848
Female,908968
Female,908989
Male,909068
Male,909102
Male,909302
Female,909559
Female,909729
Female,909885
Male,909950
Male,910284
Female,910325
Male,910376
Male,910591
Male,910777
Female,910914
Female,910983
Male,911158
Male,911366
Male,911657
Male,911749
Male,911756
Male,911819
Male,911950
Male,912013
Male,912250
Female,912259
Male,912262
Male,912266
Male,912269
Male,912271
Female,912276
Male,912278
Male,912280
Female,912281
Male,912287
Female,912289
Female,912292
Female,912293
Male,912296
Male,912303
Male,912305
Female,912306
Male,912310
Male,912312
Male,912314
Female,912316
Male,912317
Male,912322
Male,912324
Male,912329
Female,912331
Female,912332
Male,912334
Male,912337
Male,912341
Male,912343
Male,912345
Female,912346
Female,912348
Male,912351
Female,912353
Female,912354
Male,912357
Female,912361
Male,912370
Male,912374
Male,912375
Female,912378
Male,912382
Male,912383
Male,912384
Male,912385
Male,912388
Female,912390
Male,912393
Female,912394
Male,912396
Female,912398
Male,912399
Male,912400
Male,912402
Male,912405
Male,912406
Male,912408
Female,912409
Female,912411
Male,912412
Male,912413
Female,912415
Female,912418
Male,912426
Male,912432
Male,912437
Male,912438
Male,912440
Male,912441
Male,912442
Male,912445
Male,912447
Female,912448
Male,912449
Male,912451
Female,912455
Male,912459
Female,912468
Male,912469
Male,912472
Male,912473
Male,912478
Male,912479
Male,912480
Male,912486
Male,912492
Male,912495
Male,912499
Male,912502
Male,912505
Male,912508
Female,912512
Male,912514
Male,912515
Male,912517
Male,912518
Female,912519
Male,912527
Male,912529
Male,912530
Male,912535
Male,912539
Male,912548
Male,912551
Male,912552
Female,912554
Male,912556
Female,912558
Male,912560
Male,912562
Male,912568
Male,912570
Male,912571
Male,912575
Male,912576
Male,912580
Female,912584
Female,912593
Male,912594
Male,912596
Male,912599
Male,912602
Male,912603
Female,912608
Male,912614
Male,912618
Male,912622
Male,912624
Male,912625
Male,912627
Female,912630
Female,912632
Male,912634
Male,912640
Male,912641
Male,912644
Male,912649
Male,912650
Male,912651
Female,912653
Male,912654
Male,912656
Male,912658
Male,912659
Male,912664
Male,912671
Male,912677
Male,912680
Male,912681
Female,912688
Male,912694
Male,912695
Female,912698
Female,912701
Male,912702
Female,912704
Male,912707
Male,912708
Male,912709
Male,912710
Female,912713
Male,912714
Male,912717
Female,912719
Male,912727
Male,912730
Female,912732
Male,912734
Male,912738
Male,912741
Male,912743
Male,912744
Male,912752
Male,912754
Male,912761
Male,912762
Male,912763
Male,912766
Male,912767
Male,912771
Female,912773
Male,912779
Male,912781
Male,912791
Male,912812
Male,912819
Male,912836
Male,912855
Male,912856
Female,912888
Female,912895
Male,912908
Female,912911
Male,912914
Male,912921
Male,912934
Male,912938
Male,912944
Male,912953
Male,912964
Male,912966
Male,912969
Male,912970
Female,912978
Male,912983
Male,912984
Male,912985
Male,912990
Female,912998
Male,912999
Male,913008
Male,913012
Female,913014
Male,913020
Male,913021
Male,913028
Female,913030
Female,913031
Male,913034
Male,913036
Male,913037
Male,913040
Male,913043
Male,913047
Male,913053
Male,913058
Male,913060
Male,913068
Female,913069
Male,913078
Female,913079
Male,913081
Female,913082
Male,913087
Male,913095
Male,913097
Male,913101
Male,913108
Male,913110
Male,913118
Male,913119
Male,913122
Male,913126
Male,913128
Male,913133
Male,913134
Male,913137
Male,913139
Male,913147
Female,913149
Male,913156
Female,913158
Male,913159
Male,913161
Male,913164
Male,913166
Male,913169
Male,913173
Male,913179
Female,913183
Male,913191
Male,913198
Male,913201
Male,913205
Male,913209
Male,913211
Female,913212
Male,913216
Male,913243
Male,913251
Male,913265
Female,913278
Male,913286
Male,913287
Male,913310
Female,913314
Male,913317
Male,913319
Male,913321
Male,913338
Male,913342
Male,913393
Female,913426
Male,913427
Female,913435
Male,913449
Male,913450
Male,913453
Male,913460
Male,913467
Male,913475
Female,913477
Male,913480
Male,913483
Male,913486
Male,913491
Male,913493
Female,913505
Male,913515
Male,913516
Male,913525
Male,913534
Female,913535
Female,913537
Male,913539
Male,913547
Female,913555
Female,913566
Male,913580
Male,913588
Female,913590
Female,913595
Female,913596
Male,913600
Female,913602
Male,913609
Male,913624
Male,913633
Male,913751
Female,913829
Male,913830
Male,913885
Male,913908
Male,913979
Male,914013
Male,914020
Male,914049
Male,914090
Female,914162
Male,914250
Male,914256
Male,914260
Male,914278
Male,914283
Male,914315
Male,914342
Male,914352
Male,914386
Male,914417
Male,914420
Female,914422
Male,914425
Male,914429
Male,914440
Male,914447
Female,914476
Male,914522
Male,914532
Female,914554
Male,914560
Female,914586
Male,914620
Female,914636
Female,914652
Male,914678
Female,914687
Male,914706
Female,914709
Male,914743
Male,914753
Female,914765
Male,914770
Male,914816
Male,914835
Male,914839
Male,914864
Male,914895
Female,914913
Male,914924
Male,914948
Female,915013
Female,915017
Male,915023
Male,915049
Male,915087
Male,915107
Male,915122
Male,915129
Male,915141
Male,915150
Female,915170
Male,915175
Male,915192
Male,915206
Female,915222
Male,915240
Female,915270
Male,915291
Male,915338
Male,915362
Male,915414
Male,915418
Male,915437
Female,915454
Male,915472
Female,915490
Female,915507
Male,915521
Female,915522
Male,915539
Male,915545
Female,915564
Female,915566
Male,915586
Female,915607
Male,915610
Male,915614
Male,915616
Male,915625
Male,915660
Male,915668
Female,915685
Male,915704
Male,915723
Male,915747
Male,915750
Male,915755
Male,915758
Male,915778
Male,915810
Female,915811
Female,915812
Male,915832
Male,915834
Male,915841
Male,915847
Male,915851
Female,915861
Male,915869
Male,915887
Male,915894
Male,915897
Female,915909
Male,915919
Male,915938
Male,915958
Male,915983
Male,915994
Male,916025
Female,916026
Male,916035
Female,916043
Male,916065
Female,916066
Female,916069
Male,916072
Male,916076
Female,916080
Male,916091
Female,916098
Male,916118
Male,916133
Female,916139
Male,916140
Male,916159
Female,916166
Female,916167
Male,916176
Male,916189
Male,916196
Male,916197
Male,916198
Male,916208
Female,916215
Male,916225
Male,916237
Male,916265
Female,916267
Female,916281
Female,916306
Male,916309
Female,916313
Male,916321
Male,916326
Male,916335
Male,916340
Female,916355
Male,916359
Male,916374
Male,916378
Male,916385
Male,916389
Male,916399
Male,916406
Male,916439
Male,916469
Male,916483
Male,916500
Female,916506
Male,916514
Male,916519
Male,916534
Male,916547
Male,916560
Male,916567
Male,916583
Male,916584
Male,916603
Male,916624
Male,916632
Male,916646
Male,916654
Male,916658
Male,916666
Female,916676
Male,916681
Male,916683
Male,916705
Female,916721
Male,916723
Male,916728
Female,916730
Female,916735
Male,916747
Male,916757
Male,916787
Male,916793
Female,916794
Male,916797
Male,916799
Male,916811
Male,916813
Male,916815
Male,916819
Male,916822
Female,916823
Male,916828
Female,916831
Female,916835
Female,916838
Male,916843
Male,916847
Male,916861
Female,916864
Male,916866
Male,916867
Male,916875
Male,916877
Female,916885
Male,916887
Female,916889
Male,916894
Male,916909
Male,916911
Male,916926
Male,916933
Female,916939
Male,916941
Male,916943
Female,916950
Male,916975
Male,916980
Male,916984
Male,916992
Male,916995
Male,916996
Female,916997
Male,917005
Female,917006
Male,917007
Male,917012
Male,917025
Male,917035
Male,917037
Male,917038
Male,917043
Female,917052
Female,917058
Male,917060
Male,917063
Female,917066
Male,917072
Male,917073
Male,917076
Male,917079
Female,917083
Male,917085
Male,917090
Male,917098
Male,917100
Female,917107
Male,917108
Male,917109
Male,917115
Male,917140
Male,917142
Female,917146
Female,917153
Male,917155
Male,917167
Female,917169
Male,917173
Female,917175
Male,917178
Male,917188
Male,917207
Male,917211
Male,917228
Female,917231
Female,917246
Male,917247
Female,917248
Male,917251
Female,917255
Female,917257
Female,917260
Male,917264
Male,917273
Male,917283
Female,917286
Male,917290
Female,917296
Male,917297
Male,917299
Male,917300
Male,917301
Male,917311
Female,917318
Male,917319
Male,917321
Male,917325
Female,917327
Male,917329
Male,917343
Male,917344
Male,917346
Male,917351
Female,917353
Male,917354
Male,917356
Female,917357
Male,917361
Male,917363
Female,917365
Male,917370
Male,917372
Male,917373
Female,917385
Male,917392
Female,917403
Male,917406
Male,917407
Male,917411
Male,917412
Female,917413
Male,917421
Male,917427
Female,917432
Male,917435
Male,917436
Male,917441
Male,917448
Male,917454
Male,917465
Female,917480
Male,917490
Male,917497
Male,917506
Male,917521
Male,917528
Male,917533
Male,917542
Male,917544
Male,917556
Male,917560
Male,917564
Male,917566
Male,917573
Male,917574
Female,917586
Male,917594
Male,917603
Male,917608
Male,917609
Male,917610
Male,917613
Male,917617
Female,917623
Male,917626
Female,917627
Male,917628
Male,917632
Male,917635
Male,917649
Female,917650
Female,917653
Male,917654
Male,917661
Male,917663
Male,917667
Female,917671
Female,917674
Male,917677
Female,917684
Female,917693
Female,917698
Male,917699
Male,917711
Male,917713
Male,917714
Female,917722
Male,917731
Male,917738
Male,917759
Female,917767
Male,917772
Female,917773
Male,917798
Female,917803
Male,917812
Male,917821
Male,917838
Female,917843
Male,917846
Female,917849
Male,917851
Male,917861
Male,917862
Male,917875
Female,917877
Male,917883
Male,917886
Male,917890
Male,917891
Male,917898
Male,917904
Male,917915
Male,917920
Male,917922
Male,917925
Male,917928
Female,917933
Female,917948
Female,917949
Male,917950
Female,917954
Male,917958
Male,917962
Male,917974
Female,917984
Male,917996
Female,917997
Male,918004
Female,918011
Male,918025
Male,918026
Female,918032
Female,918034
Male,918039
Female,918052
Male,918054
Female,918055
Male,918060
Male,918077
Male,918080
Male,918083
Male,918090
Male,918098
Male,918103
Female,918109
Female,918119
Male,918120
Male,918152
Male,918155
Male,918157
Male,918161
Female,918169
Male,918170
Male,918172
Female,918173
Male,918181
Male,918186
Male,918192
Female,918196
Male,918201
Male,918205
Male,918207
Female,918208
Male,918217
Male,918224
Male,918225
Male,918235
Male,918237
Male,918260
Male,918272
Female,918278
Male,918280
Female,918282
Male,918283
Male,918286
Female,918298
Female,918299
Male,918314
Male,918318
Female,918322
Male,918323
Male,918328
Male,918329
Male,918338
Male,918347
Male,918350
Male,918358
Female,918367
Male,918368
Male,918396
Male,918398
Female,918407
Male,918418
Female,918419
Male,918429
Male,918431
Male,918441
Male,918445
Male,918451
Male,918456
Male,918475
Male,918476
Male,918515
Male,918529
Male,918536
Female,918548
Male,918556
Male,918597
Male,918614
Male,918624
Male,918626
Male,918639
Female,918657
Male,918690
Male,918694
Male,918703
Male,918705
Female,918710
Male,918730
Male,918742
Male,918765
Male,918769
Male,918773
Male,918775
Male,918796
Male,918801
Male,918810
Male,918818
Male,918823
Male,918856
Female,918873
Female,918906
Male,918919
Male,918943
Female,918999
Male,919062
Female,919073
Female,919076
Female,919210
Female,919262
Male,919349
Male,919350
Male,919369
Female,919704
Female,919792
Female,920108
Male,920182
Male,920740
Male,920779
Male,921894
Male,922482
Male,922584
Male,923756
Male,923761
Male,923843
Male,924237
Female,924315
Female,924521
Female,924570
Male,924737
Male,924749
Male,924965
Male,925177
Male,925654
Male,925728
Male,925738
Male,925876
Male,926086
Male,926360
Male,927058
Male,927084
Male,927147
Male,927197
Male,927390
Male,927818
