HomeOwnership,CustomerID
Own,877687
Rent,877723
Rent,877757
Rent,877792
Own,877840
Rent,877988
Rent,878821
Rent,878822
Rent,878842
Rent,878855
Own,878871
Own,878907
Rent,878908
Rent,878912
Rent,878919
Own,878974
Rent,878977
Rent,878993
Rent,879011
Own,879017
Rent,879020
Own,879033
Rent,879055
Rent,879061
Rent,879072
Rent,879232
Rent,879264
Rent,879306
Own,879310
Rent,879403
Rent,879453
Rent,879454
Own,879478
Rent,879500
Own,879535
Own,879889
Rent,879926
Rent,881801
Own,882315
Rent,882316
Rent,882319
Rent,882320
Rent,882321
Own,882324
Own,882325
Own,882326
Own,882328
Rent,882330
Rent,882332
Rent,882333
Own,882336
Rent,882337
Rent,882340
Rent,882341
Own,882342
Rent,882343
Own,882346
Rent,882348
Rent,882350
Rent,882351
Rent,882354
Rent,882356
Rent,882357
Rent,882358
Own,882359
Own,882360
Rent,882364
Rent,882366
Rent,882367
Rent,882368
Rent,882371
Own,882372
Rent,882375
Rent,882376
Rent,882377
Own,882382
Rent,882383
Rent,882387
Rent,882388
Rent,882391
Rent,882392
Rent,882393
Rent,882395
Own,882397
Rent,882398
Rent,882402
Rent,882403
Own,882407
Rent,882409
Own,882410
Rent,882413
Rent,882414
Rent,882415
Own,882419
Rent,882423
Rent,882424
Rent,882425
Rent,882426
Rent,882428
Rent,882429
Rent,882433
Rent,882434
Own,882435
Rent,882437
Rent,882439
Rent,882440
Rent,882442
Rent,882444
Rent,882446
Rent,882449
Rent,882451
Rent,882452
Rent,882457
Rent,882459
Rent,882462
Rent,882463
Own,882464
Rent,882465
Rent,882467
Rent,882469
Rent,882471
Rent,882475
Rent,882476
Rent,882478
Rent,882479
Own,882481
Rent,882482
Own,882483
Rent,882484
Rent,882491
Own,882494
Rent,882497
Own,882500
Rent,882501
Rent,882503
Rent,882504
Rent,882506
Rent,882507
Own,882508
Own,882512
Rent,882515
Rent,882517
Rent,882518
Own,882521
Rent,882522
Own,882523
Rent,882527
Rent,882531
Rent,882532
Rent,882535
Rent,882537
Rent,882543
Rent,882545
Rent,882550
Rent,882551
Own,882553
Own,882559
Rent,882560
Rent,882563
Rent,882564
Own,882565
Rent,882569
Own,882573
Rent,882574
Rent,882576
Rent,882577
Rent,882578
Rent,882581
Rent,882583
Rent,882585
Rent,882587
Rent,882590
Own,882591
Rent,882593
Rent,882594
Rent,882597
Rent,882599
Rent,882600
Own,882602
Rent,882607
Own,882608
Own,882609
Rent,882612
Rent,882616
Rent,882621
Rent,882622
Own,882623
Rent,882626
Own,882627
Rent,882628
Rent,882631
Rent,882632
Rent,882636
Rent,882638
Rent,882639
Rent,882640
Rent,882645
Rent,882648
Own,882650
Rent,882652
Rent,882656
Own,882658
Rent,882660
Rent,882666
Rent,882667
Rent,882674
Rent,882677
Rent,882678
Rent,882683
Rent,882684
Own,882685
Rent,882693
Rent,882694
Rent,882699
Rent,882700
Rent,882701
Rent,882705
Rent,882709
Rent,882713
Rent,882715
Rent,882720
Own,882721
Own,882728
Own,882729
Rent,882731
Rent,882735
Rent,882737
Own,882738
Rent,882739
Rent,882741
Own,882745
Own,882747
Rent,882750
Rent,882752
Own,882756
Own,882757
Own,882760
Own,882763
Rent,882766
Own,882768
Rent,882769
Rent,882772
Own,882775
Rent,882778
Rent,882783
Rent,882784
Rent,882787
Own,882793
Rent,882796
Own,882799
Own,882801
Own,882804
Rent,882807
Own,882808
Rent,882812
Rent,882816
Rent,882817
Own,882821
Rent,882824
Rent,882827
Rent,882828
Rent,882830
Rent,882837
Rent,882844
Rent,882853
Rent,882856
Rent,882859
Rent,882868
Own,882869
Rent,882886
Rent,882891
Rent,882896
Rent,882902
Own,882910
Rent,882911
Rent,882919
Rent,882923
Rent,882927
Own,882932
Own,882934
Rent,882936
Rent,882938
Own,882941
Rent,882942
Rent,882945
Rent,882951
Rent,882955
Rent,882957
Rent,882959
Own,882961
Rent,882962
Rent,882963
Own,882964
Rent,882969
Rent,882971
Rent,882973
Rent,882975
Own,882977
Own,882984
Rent,882987
Rent,882989
Rent,882991
Own,882994
Rent,882999
Rent,883011
Rent,883016
Rent,883018
Rent,883021
Own,883028
Rent,883035
Own,883043
Rent,883047
Own,883062
Rent,883064
Rent,883072
Rent,883077
Own,883079
Rent,883085
Rent,883102
Rent,883115
Rent,883122
Rent,883127
Rent,883161
Rent,883169
Rent,883175
Rent,883247
Own,883334
Rent,883364
Rent,883388
Own,883405
Rent,883418
Own,883424
Rent,883432
Rent,883438
Rent,883441
Rent,883444
Rent,883446
Rent,883449
Rent,883450
Rent,883455
Rent,883457
Own,883459
Own,883463
Rent,883467
Rent,883476
Rent,883483
Rent,883486
Rent,883494
Rent,883498
Rent,883507
Rent,883513
Rent,883522
Own,883526
Rent,883527
Rent,883546
Rent,883554
Own,883556
Rent,883565
Rent,883571
Rent,883573
Own,883597
Rent,883598
Rent,883613
Own,883619
Rent,883624
Rent,883631
Rent,883632
Rent,883665
Rent,883670
Rent,883696
Rent,883716
Rent,883724
Rent,883730
Rent,883736
Rent,883739
Rent,883753
Own,883768
Rent,883773
Rent,883790
Own,883808
Own,883878
Rent,883931
Own,883950
Own,883956
Rent,883979
Rent,884001
Own,884080
Rent,884112
Rent,884199
Rent,884217
Rent,884225
Rent,884248
Rent,884270
Rent,884303
Rent,884339
Rent,884357
Rent,884384
Own,884423
Rent,884596
Rent,884624
Own,884673
Rent,884717
Rent,884766
Rent,884789
Rent,884804
Rent,884848
Rent,884851
Rent,884856
Own,884859
Rent,884860
Rent,884862
Rent,884867
Rent,884870
Rent,884872
Own,884873
Own,884878
Rent,884879
Rent,884881
Rent,884887
Rent,884892
Rent,884895
Own,884897
Rent,884899
Rent,884908
Rent,884909
Own,884912
Rent,884913
Rent,884914
Own,884916
Rent,884919
Own,884920
Rent,884921
Rent,884924
Rent,884926
Rent,884931
Rent,884932
Rent,884939
Own,884945
Rent,884947
Rent,884948
Rent,884949
Rent,884951
Rent,884954
Rent,884955
Own,884960
Rent,884961
Own,884964
Rent,884965
Own,884970
Rent,884971
Rent,884976
Rent,884979
Rent,884980
Own,884987
Rent,884988
Rent,884989
Rent,884995
Own,884997
Rent,884999
Rent,885001
Rent,885004
Rent,885008
Rent,885017
Own,885024
Rent,885032
Rent,885039
Rent,885041
Own,885044
Own,885047
Own,885052
Own,885056
Rent,885063
Rent,885072
Own,885075
Rent,885076
Rent,885079
Rent,885084
Rent,885085
Rent,885086
Own,885097
Rent,885103
Rent,885104
Own,885107
Rent,885126
Own,885129
Rent,885149
Rent,885152
Rent,885159
Rent,885163
Own,885168
Own,885199
Own,885210
Rent,885220
Rent,885227
Rent,885229
Rent,885237
Rent,885260
Rent,885269
Rent,885279
Rent,885282
Rent,885292
Rent,885297
Rent,885301
Own,885314
Rent,885316
Own,885321
Rent,885341
Rent,885344
Rent,885350
Rent,885360
Own,885362
Rent,885365
Rent,885373
Rent,885379
Own,885383
Rent,885396
Rent,885416
Rent,885449
Rent,885491
Rent,885544
Rent,885565
Rent,885582
Own,885638
Own,885715
Rent,885811
Rent,885839
Rent,885914
Own,886081
Rent,886169
Rent,886213
Rent,886308
Rent,886445
Rent,886455
Rent,886888
Own,886898
Rent,886938
Own,886984
Rent,886993
Rent,887015
Rent,887022
Rent,887026
Rent,887086
Rent,887298
Rent,887309
Rent,887325
Own,887335
Rent,887347
Rent,887376
Rent,887420
Rent,887509
Rent,887609
Rent,887618
Rent,887658
Own,887666
Rent,887871
Own,887894
Rent,887898
Rent,887903
Own,887905
Own,887908
Rent,887913
Rent,887917
Rent,887920
Rent,887924
Rent,887925
Rent,887929
Rent,887933
Own,887934
Own,887936
Own,887939
Rent,887941
Rent,887945
Rent,887946
Rent,887947
Rent,887949
Rent,887952
Rent,887954
Own,887955
Rent,887957
Rent,887962
Rent,887963
Rent,887966
Rent,887968
Rent,887969
Own,887973
Rent,887979
Rent,887982
Rent,887987
Rent,887989
Rent,887990
Own,887991
Rent,887992
Rent,887995
Own,887999
Rent,888005
Rent,888006
Rent,888007
Rent,888008
Own,888014
Rent,888017
Rent,888018
Rent,888019
Rent,888020
Rent,888021
Rent,888025
Rent,888027
Rent,888028
Rent,888029
Rent,888031
Own,888032
Rent,888033
Rent,888038
Rent,888041
Own,888045
Rent,888049
Own,888050
Rent,888054
Own,888055
Rent,888057
Rent,888059
Rent,888060
Rent,888061
Rent,888064
Rent,888067
Rent,888069
Rent,888071
Rent,888077
Rent,888078
Own,888079
Own,888080
Rent,888083
Rent,888084
Rent,888085
Rent,888086
Rent,888090
Own,888091
Rent,888094
Rent,888095
Rent,888101
Rent,888104
Own,888106
Own,888108
Rent,888110
Rent,888112
Rent,888114
Rent,888115
Rent,888119
Own,888121
Rent,888123
Rent,888125
Rent,888126
Rent,888127
Own,888130
Rent,888131
Rent,888133
Rent,888137
Rent,888138
Rent,888139
Own,888140
Rent,888142
Rent,888144
Rent,888146
Rent,888148
Own,888149
Rent,888153
Rent,888154
Rent,888155
Rent,888156
Rent,888157
Own,888158
Rent,888161
Rent,888165
Rent,888170
Rent,888172
Rent,888175
Rent,888177
Rent,888178
Rent,888179
Rent,888199
Rent,888211
Rent,888213
Rent,888218
Rent,888227
Rent,888228
Own,888265
Rent,888268
Rent,888278
Own,888287
Rent,888297
Own,888302
Rent,888325
Rent,888341
Rent,888342
Rent,888344
Own,888355
Own,888358
Own,888368
Own,888371
Rent,888378
Own,888386
Own,888388
Rent,888389
Rent,888399
Own,888418
Rent,888420
Rent,888425
Rent,888431
Rent,888437
Rent,888449
Rent,888451
Own,888455
Rent,888457
Rent,888466
Rent,888472
Rent,888474
Rent,888493
Rent,888501
Rent,888504
Own,888510
Rent,888513
Rent,888522
Own,888529
Rent,888533
Rent,888535
Rent,888544
Rent,888549
Own,888551
Rent,888556
Rent,888560
Own,888563
Rent,888565
Rent,888567
Rent,888568
Rent,888582
Rent,888589
Rent,888591
Own,888592
Rent,888593
Rent,888594
Rent,888600
Rent,888601
Rent,888606
Rent,888608
Rent,888613
Rent,888618
Rent,888619
Rent,888621
Rent,888622
Rent,888630
Rent,888634
Rent,888637
Rent,888650
Rent,888651
Rent,888652
Rent,888655
Rent,888660
Rent,888663
Rent,888665
Own,888667
Rent,888671
Own,888673
Own,888679
Rent,888681
Rent,888684
Rent,888686
Rent,888695
Rent,888696
Own,888698
Own,888699
Rent,888703
Rent,888704
Rent,888705
Rent,888708
Rent,888710
Rent,888712
Rent,888713
Rent,888722
Rent,888723
Own,888727
Rent,888730
Rent,888731
Own,888732
Rent,888733
Rent,888734
Rent,888736
Rent,888738
Rent,888739
Own,888743
Rent,888749
Own,888752
Rent,888753
Rent,888760
Rent,888762
Rent,888764
Rent,888767
Rent,888769
Rent,888773
Rent,888777
Rent,888778
Own,888787
Rent,888788
Rent,888790
Own,888794
Own,888796
Rent,888799
Rent,888807
Rent,888808
Own,888810
Own,888811
Rent,888813
Rent,888814
Rent,888815
Rent,888821
Own,888823
Rent,888827
Rent,888829
Rent,888831
Rent,888836
Rent,888838
Rent,888842
Rent,888844
Own,888846
Rent,888847
Rent,888848
Rent,888856
Rent,888857
Own,888863
Rent,888864
Rent,888865
Rent,888868
Rent,888871
Rent,888872
Rent,888875
Rent,888883
Rent,888884
Rent,888890
Rent,888891
Own,888895
Rent,888899
Own,888902
Rent,888909
Rent,888910
Rent,888917
Rent,888920
Rent,888922
Rent,888924
Rent,888927
Rent,888928
Rent,888931
Own,888938
Own,888940
Rent,888942
Rent,888944
Rent,888945
Own,888946
Rent,888947
Rent,888951
Rent,888956
Rent,888960
Rent,888961
Rent,888967
Rent,888973
Rent,888976
Rent,888978
Rent,888979
Own,888980
Rent,888981
Own,888982
Rent,888987
Rent,888988
Rent,888991
Rent,888997
Own,888998
Rent,889002
Rent,889005
Rent,889006
Rent,889007
Rent,889008
Rent,889010
Rent,889014
Own,889022
Rent,889024
Rent,889025
Rent,889026
Rent,889028
Rent,889031
Rent,889034
Rent,889037
Rent,889038
Rent,889040
Rent,889047
Rent,889048
Rent,889050
Own,889051
Rent,889052
Own,889062
Rent,889064
Rent,889066
Rent,889072
Rent,889073
Rent,889074
Rent,889075
Rent,889077
Rent,889078
Rent,889088
Own,889090
Own,889094
Rent,889095
Rent,889098
Rent,889100
Rent,889109
Rent,889110
Rent,889113
Rent,889119
Rent,889122
Rent,889123
Rent,889126
Rent,889130
Rent,889132
Rent,889134
Rent,889135
Rent,889139
Own,889144
Own,889146
Rent,889147
Rent,889150
Rent,889152
Rent,889154
Rent,889155
Rent,889159
Rent,889161
Rent,889162
Own,889164
Own,889165
Rent,889167
Rent,889170
Rent,889173
Rent,889174
Rent,889175
Rent,889178
Own,889179
Rent,889182
Own,889186
Rent,889188
Rent,889191
Rent,889195
Rent,889197
Own,889202
Rent,889205
Own,889207
Rent,889210
Rent,889212
Own,889215
Rent,889218
Rent,889219
Rent,889220
Own,889221
Rent,889223
Own,889227
Own,889228
Rent,889231
Own,889233
Rent,889236
Own,889237
Rent,889238
Rent,889241
Rent,889243
Rent,889245
Rent,889250
Rent,889251
Rent,889254
Rent,889256
Rent,889257
Own,889260
Own,889261
Rent,889262
Rent,889264
Rent,889267
Own,889268
Rent,889270
Rent,889275
Rent,889276
Rent,889277
Rent,889280
Own,889281
Rent,889282
Rent,889283
Rent,889284
Rent,889285
Own,889287
Rent,889291
Rent,889292
Rent,889297
Rent,889299
Rent,889304
Rent,889306
Rent,889307
Rent,889309
Own,889310
Rent,889312
Rent,889317
Rent,889318
Rent,889319
Rent,889328
Rent,889332
Rent,889334
Rent,889337
Rent,889339
Rent,889340
Own,889345
Rent,889346
Rent,889347
Rent,889349
Rent,889350
Rent,889358
Rent,889361
Own,889374
Rent,889376
Rent,889378
Own,889379
Rent,889380
Own,889381
Rent,889385
Rent,889386
Rent,889387
Rent,889390
Rent,889393
Rent,889394
Rent,889396
Rent,889399
Rent,889400
Rent,889404
Rent,889405
Rent,889407
Rent,889409
Own,889411
Rent,889413
Rent,889414
Rent,889417
Rent,889423
Rent,889424
Rent,889426
Rent,889429
Rent,889430
Rent,889431
Own,889435
Rent,889440
Rent,889441
Rent,889443
Rent,889452
Rent,889456
Rent,889463
Rent,889465
Rent,889468
Rent,889471
Rent,889477
Own,889478
Rent,889480
Rent,889481
Rent,889483
Own,889484
Own,889487
Rent,889494
Rent,889496
Rent,889499
Rent,889503
Rent,889504
Own,889508
Rent,889509
Rent,889511
Rent,889512
Rent,889513
Rent,889517
Rent,889519
Own,889525
Rent,889533
Own,889534
Rent,889538
Rent,889544
Rent,889555
Own,889556
Rent,889557
Rent,889563
Rent,889566
Rent,889569
Rent,889570
Rent,889575
Rent,889576
Rent,889578
Rent,889579
Rent,889584
Rent,889585
Rent,889586
Rent,889588
Own,889589
Rent,889592
Rent,889595
Own,889597
Own,889598
Rent,889600
Rent,889601
Own,889603
Rent,889611
Rent,889613
Rent,889614
Rent,889620
Rent,889622
Rent,889628
Rent,889629
Rent,889630
Rent,889633
Own,889637
Rent,889641
Rent,889642
Own,889643
Own,889645
Rent,889657
Rent,889661
Rent,889663
Rent,889664
Own,889666
Rent,889667
Own,889670
Rent,889671
Rent,889674
Rent,889675
Own,889679
Rent,889680
Rent,889681
Rent,889686
Rent,889687
Rent,889690
Rent,889691
Own,889693
Rent,889701
Rent,889702
Own,889704
Rent,889705
Rent,889709
Rent,889711
Rent,889713
Rent,889715
Rent,889717
Own,889718
Own,889719
Rent,889720
Rent,889721
Rent,889724
Rent,889730
Own,889731
Rent,889732
Rent,889736
Own,889738
Rent,889739
Rent,889740
Rent,889742
Rent,889743
Rent,889745
Rent,889749
Own,889752
Own,889753
Rent,889755
Rent,889757
Rent,889759
Own,889761
Own,889762
Rent,889768
Rent,889769
Rent,889770
Rent,889773
Rent,889774
Own,889775
Rent,889776
Rent,889777
Rent,889779
Rent,889783
Own,889784
Own,889785
Rent,889788
Rent,889790
Rent,889791
Rent,889792
Own,889793
Own,889794
Own,889795
Rent,889797
Rent,889801
Rent,889806
Rent,889809
Rent,889812
Rent,889813
Rent,889815
Own,889816
Rent,889817
Rent,889818
Own,889821
Rent,889822
Rent,889823
Rent,889826
Rent,889827
Own,889831
Own,889832
Own,889834
Rent,889838
Rent,889839
Rent,889842
Rent,889843
Own,889844
Rent,889847
Own,889848
Rent,889851
Rent,889853
Own,889858
Rent,889859
Rent,889861
Rent,889862
Own,889864
Own,889866
Rent,889868
Own,889869
Rent,889871
Rent,889872
Rent,889877
Rent,889878
Rent,889880
Rent,889882
Rent,889883
Rent,889885
Rent,889886
Rent,889887
Rent,889892
Rent,889893
Rent,889894
Rent,889895
Rent,889896
Rent,889897
Own,889900
Rent,889901
Rent,889903
Rent,889905
Rent,889906
Own,889911
Rent,889912
Rent,889915
Rent,889918
Rent,889920
Rent,889921
Rent,889926
Own,889931
Rent,889932
Own,889937
Rent,889938
Rent,889942
Rent,889944
Rent,889947
Own,889950
Rent,889952
Rent,889956
Rent,889958
Rent,889960
Rent,889965
Rent,889969
Rent,889973
Rent,889975
Rent,889977
Rent,889978
Own,889981
Rent,889982
Own,889984
Rent,889986
Rent,889987
Rent,889989
Rent,889991
Own,889995
Rent,889996
Rent,889997
Rent,890000
Rent,890006
Own,890012
Rent,890013
Rent,890014
Rent,890019
Rent,890022
Rent,890023
Rent,890027
Rent,890028
Rent,890030
Own,890031
Own,890034
Rent,890036
Rent,890040
Rent,890047
Rent,890051
Own,890052
Rent,890055
Own,890056
Own,890057
Rent,890059
Own,890061
Rent,890062
Rent,890065
Rent,890067
Rent,890070
Rent,890073
Rent,890074
Rent,890076
Rent,890079
Rent,890080
Rent,890083
Rent,890085
Rent,890086
Rent,890089
Rent,890091
Rent,890092
Own,890093
Rent,890094
Own,890096
Rent,890098
Rent,890099
Rent,890100
Rent,890102
Rent,890104
Rent,890105
Own,890107
Rent,890111
Own,890114
Own,890115
Rent,890119
Own,890122
Rent,890124
Rent,890125
Rent,890127
Own,890131
Rent,890133
Rent,890134
Rent,890136
Rent,890138
Rent,890141
Rent,890142
Rent,890146
Rent,890147
Rent,890148
Rent,890150
Rent,890153
Rent,890155
Rent,890156
Rent,890160
Rent,890161
Rent,890163
Rent,890178
Rent,890180
Rent,890200
Rent,890213
Rent,890215
Rent,890220
Own,890240
Rent,890242
Rent,890248
Rent,890251
Rent,890254
Rent,890257
Own,890260
Rent,890264
Rent,890265
Own,890267
Rent,890273
Rent,890275
Rent,890276
Rent,890279
Rent,890288
Own,890292
Own,890293
Rent,890299
Rent,890300
Own,890302
Rent,890304
Rent,890306
Rent,890317
Rent,890319
Rent,890323
Rent,890324
Rent,890326
Rent,890329
Rent,890333
Own,890334
Own,890335
Rent,890338
Rent,890342
Rent,890353
Rent,890362
Rent,890371
Own,890378
Rent,890389
Rent,890393
Rent,890398
Rent,890406
Rent,890416
Rent,890420
Rent,890428
Rent,890440
Rent,890443
Own,890445
Rent,890455
Rent,890459
Rent,890461
Rent,890470
Rent,890475
Rent,890477
Rent,890478
Rent,890482
Rent,890490
Rent,890494
Own,890497
Rent,890514
Rent,890516
Rent,890520
Rent,890529
Rent,890533
Own,890541
Rent,890551
Rent,890565
Rent,890570
Own,890571
Rent,890594
Rent,890597
Rent,890603
Rent,890606
Rent,890621
Rent,890657
Own,890663
Own,890671
Rent,890684
Rent,890687
Rent,890698
Rent,890706
Rent,890707
Rent,890708
Rent,890717
Rent,890719
Rent,890727
Rent,890736
Own,890737
Rent,890741
Own,890743
Rent,890745
Rent,890758
Own,890769
Rent,890777
Own,890783
Rent,890801
Own,890834
Rent,890841
Rent,890846
Rent,890870
Own,890871
Rent,890881
Rent,890883
Rent,890891
Rent,890892
Rent,890896
Own,890903
Rent,890911
Rent,890912
Rent,890918
Rent,890920
Own,890923
Rent,890930
Rent,890940
Rent,890942
Rent,890951
Rent,890975
Rent,890984
Rent,890989
Own,890999
Own,891017
Rent,891018
Own,891022
Rent,891024
Rent,891032
Rent,891040
Rent,891055
Own,891058
Rent,891063
Own,891074
Own,891088
Rent,891103
Rent,891117
Own,891126
Rent,891134
Own,891138
Rent,891175
Own,891185
Rent,891225
Rent,891235
Rent,891237
Rent,891256
Rent,891260
Rent,891279
Rent,891283
Rent,891294
Rent,891296
Rent,891304
Rent,891314
Rent,891321
Rent,891326
Rent,891333
Own,891335
Rent,891358
Rent,891361
Own,891369
Rent,891372
Own,891374
Rent,891376
Rent,891378
Rent,891384
Rent,891385
Rent,891394
Rent,891396
Rent,891397
Rent,891402
Rent,891409
Rent,891410
Rent,891411
Rent,891422
Rent,891425
Rent,891426
Rent,891430
Own,891431
Rent,891433
Rent,891434
Rent,891435
Own,891441
Rent,891450
Rent,891451
Own,891454
Own,891456
Rent,891457
Rent,891467
Rent,891469
Rent,891471
Rent,891475
Rent,891480
Rent,891481
Rent,891483
Rent,891484
Rent,891487
Rent,891492
Rent,891496
Rent,891500
Rent,891501
Rent,891511
Rent,891512
Rent,891513
Rent,891514
Rent,891520
Rent,891522
Rent,891523
Rent,891524
Rent,891526
Rent,891532
Rent,891537
Rent,891539
Rent,891540
Rent,891545
Rent,891549
Rent,891550
Rent,891551
Rent,891553
Rent,891559
Rent,891564
Rent,891565
Rent,891573
Rent,891576
Rent,891580
Own,891586
Rent,891588
Rent,891589
Rent,891594
Own,891599
Rent,891600
Own,891604
Rent,891611
Rent,891612
Rent,891615
Rent,891616
Rent,891619
Rent,891620
Rent,891633
Rent,891634
Rent,891637
Rent,891640
Own,891644
Rent,891645
Rent,891652
Rent,891654
Rent,891655
Rent,891660
Own,891661
Rent,891665
Rent,891669
Rent,891670
Rent,891671
Rent,891673
Rent,891675
Rent,891679
Rent,891684
Own,891685
Rent,891693
Rent,891696
Rent,891697
Rent,891703
Rent,891709
Rent,891710
Rent,891713
Rent,891714
Own,891718
Rent,891719
Rent,891721
Own,891724
Rent,891731
Own,891733
Rent,891734
Rent,891735
Rent,891737
Rent,891742
Rent,891745
Rent,891751
Rent,891754
Own,891756
Rent,891759
Own,891762
Own,891767
Rent,891769
Rent,891773
Rent,891774
Own,891780
Own,891784
Rent,891788
Rent,891792
Rent,891793
Rent,891796
Rent,891800
Rent,891803
Rent,891806
Rent,891809
Own,891812
Rent,891814
Rent,891815
Rent,891817
Rent,891818
Rent,891821
Own,891824
Rent,891825
Rent,891828
Rent,891829
Own,891836
Rent,891841
Own,891848
Rent,891854
Own,891855
Own,891857
Own,891861
Rent,891866
Rent,891871
Rent,891873
Rent,891877
Rent,891878
Rent,891883
Rent,891886
Own,891887
Rent,891890
Rent,891891
Rent,891893
Rent,891902
Rent,891903
Rent,891907
Rent,891909
Rent,891910
Rent,891917
Rent,891919
Rent,891920
Rent,891923
Own,891924
Rent,891925
Own,891927
Rent,891929
Own,891931
Rent,891933
Rent,891935
Rent,891937
Rent,891939
Rent,891946
Own,891950
Rent,891957
Rent,891961
Rent,891962
Rent,891963
Rent,891966
Rent,891969
Rent,891971
Rent,891973
Rent,891974
Rent,891978
Own,891979
Rent,891983
Own,891984
Rent,891985
Rent,891991
Rent,891992
Rent,892002
Own,892005
Rent,892007
Rent,892008
Own,892010
Rent,892013
Rent,892016
Own,892021
Rent,892028
Rent,892041
Rent,892045
Rent,892052
Rent,892054
Rent,892060
Rent,892061
Own,892062
Rent,892067
Rent,892070
Own,892073
Rent,892075
Rent,892078
Rent,892079
Rent,892081
Own,892084
Rent,892086
Rent,892088
Rent,892089
Rent,892092
Rent,892097
Own,892100
Rent,892109
Rent,892110
Rent,892123
Rent,892126
Rent,892129
Rent,892134
Rent,892137
Rent,892138
Rent,892150
Own,892153
Own,892155
Own,892158
Rent,892159
Rent,892161
Rent,892166
Rent,892169
Own,892182
Rent,892198
Rent,892203
Own,892204
Rent,892209
Rent,892218
Rent,892221
Rent,892222
Rent,892224
Rent,892227
Rent,892249
Rent,892251
Rent,892254
Rent,892256
Rent,892257
Rent,892270
Rent,892274
Own,892276
Rent,892280
Own,892281
Rent,892284
Own,892294
Own,892298
Rent,892303
Rent,892306
Rent,892311
Rent,892312
Rent,892314
Own,892316
Rent,892318
Rent,892321
Own,892325
Rent,892328
Rent,892330
Rent,892342
Rent,892349
Rent,892352
Rent,892367
Rent,892369
Rent,892374
Rent,892380
Rent,892381
Rent,892383
Rent,892386
Rent,892389
Rent,892392
Rent,892401
Rent,892402
Rent,892405
Rent,892421
Rent,892445
Rent,892448
Own,892450
Rent,892452
Rent,892453
Rent,892461
Own,892465
Own,892466
Own,892473
Rent,892475
Rent,892477
Rent,892480
Rent,892483
Rent,892486
Rent,892491
Rent,892497
Rent,892501
Rent,892505
Rent,892507
Rent,892510
Rent,892514
Own,892530
Rent,892531
Own,892532
Rent,892536
Rent,892538
Rent,892542
Rent,892543
Rent,892545
Rent,892559
Rent,892562
Rent,892565
Rent,892576
Rent,892581
Rent,892587
Own,892592
Rent,892593
Rent,892617
Rent,892628
Rent,892634
Rent,892636
Rent,892639
Rent,892643
Rent,892646
Own,892649
Own,892657
Rent,892666
Rent,892669
Rent,892671
Rent,892682
Rent,892702
Rent,892721
Own,892734
Rent,892737
Own,892741
Own,892784
Rent,892805
Rent,892807
Own,892824
Rent,892840
Rent,892863
Rent,892870
Rent,892890
Own,892909
Rent,892912
Rent,892915
Rent,892921
Own,892922
Own,892927
Rent,892978
Rent,892979
Rent,892993
Rent,893010
Own,893014
Own,893016
Rent,893031
Rent,893034
Rent,893037
Rent,893050
Own,893071
Rent,893097
Own,893104
Rent,893128
Rent,893132
Rent,893140
Rent,893187
Rent,893199
Rent,893221
Own,893439
Rent,893521
Rent,893524
Rent,893547
Rent,893569
Own,893591
Rent,893594
Rent,893697
Rent,893702
Own,893709
Own,893745
Own,893794
Rent,893812
Rent,893827
Rent,893831
Rent,893935
Rent,894048
Own,894203
Rent,894215
Rent,894247
Rent,894603
Own,895043
Rent,895103
Rent,895188
Rent,895240
Own,895646
Rent,895788
Own,895949
Rent,895970
Rent,896261
Rent,896430
Rent,896473
Rent,896573
Rent,896948
Rent,897420
Rent,897636
Own,897923
Rent,898014
Rent,898021
Own,898682
Rent,899007
Rent,899035
Rent,899257
Rent,899304
Rent,899392
Rent,899418
Rent,899513
Rent,899575
Rent,899598
Rent,899625
Rent,899688
Rent,899690
Rent,899809
Own,899810
Rent,899833
Rent,899860
Rent,899873
Rent,899883
Own,899904
Rent,899932
Rent,899955
Own,900024
Own,900062
Own,900065
Rent,900094
Own,900137
Rent,900145
Own,900148
Rent,900157
Own,900163
Rent,900164
Rent,900204
Rent,900214
Rent,900231
Rent,900277
Rent,900297
Own,900306
Rent,900309
Rent,900339
Own,900371
Rent,900389
Rent,900513
Own,900541
Rent,900558
Rent,900576
Rent,900641
Rent,900685
Rent,900731
Rent,901032
Own,901197
Rent,901572
Own,901678
Rent,901836
Rent,901904
Own,901961
Rent,902036
Rent,902050
Rent,902212
Rent,902223
Rent,902290
Own,902823
Rent,902997
Own,903084
Rent,903092
Rent,903166
Rent,903175
Rent,903193
Rent,903197
Rent,903201
Rent,903330
Rent,903408
Rent,903500
Own,903583
Rent,903584
Own,903585
Rent,903588
Rent,903597
Own,903600
Own,903604
Rent,903606
Rent,903607
Own,903609
Rent,903613
Rent,903614
Rent,903616
Own,903618
Rent,903622
Rent,903626
Rent,903629
Rent,903634
Own,903636
Rent,903642
Own,903646
Own,903652
Rent,903778
Rent,903826
Own,903828
Rent,903839
Rent,903851
Own,903863
Own,903873
Rent,903909
Rent,903911
Own,903919
Rent,903927
Rent,903930
Rent,903931
Rent,903932
Rent,903936
Rent,903941
Rent,903943
Own,903948
Rent,903949
Rent,903950
Rent,903951
Rent,903955
Rent,903997
Rent,904002
Own,904008
Rent,904012
Rent,904015
Rent,904027
Own,904043
Rent,904045
Rent,904046
Rent,904052
Rent,904073
Own,904074
Rent,904076
Rent,904083
Own,904094
Rent,904096
Rent,904099
Own,904103
Own,904104
Rent,904112
Rent,904114
Own,904121
Own,904123
Rent,904126
Rent,904128
Rent,904139
Rent,904143
Rent,904153
Rent,904157
Rent,904161
Own,904167
Rent,904202
Rent,904210
Rent,904215
Own,904225
Own,904234
Rent,904241
Rent,904251
Rent,904263
Rent,904271
Rent,904275
Rent,904283
Rent,904294
Rent,904300
Own,904303
Rent,904309
Rent,904318
Rent,904319
Rent,904321
Own,904323
Rent,904328
Rent,904339
Rent,904346
Rent,904348
Rent,904368
Rent,904374
Own,904375
Rent,904377
Rent,904392
Own,904394
Rent,904399
Rent,904406
Rent,904409
Rent,904462
Rent,904463
Rent,904469
Rent,904483
Rent,904484
Rent,904502
Own,904517
Rent,904521
Own,904527
Rent,904531
Rent,904533
Rent,904543
Rent,904730
Rent,904817
Rent,904823
Rent,904908
Rent,904910
Rent,904984
Rent,905047
Rent,905118
Own,905160
Rent,905165
Rent,905166
Rent,905206
Rent,905210
Rent,905215
Rent,905257
Rent,905267
Rent,905291
Rent,905345
Rent,905366
Rent,905457
Rent,905587
Own,905634
Own,905681
Rent,905802
Rent,905837
Rent,905871
Own,905935
Rent,905969
Rent,906010
Own,906016
Rent,906032
Rent,906036
Own,906038
Rent,906040
Rent,906061
Rent,906071
Rent,906073
Rent,906075
Rent,906077
Rent,906079
Rent,906083
Rent,906086
Rent,906087
Rent,906090
Rent,906100
Own,906101
Rent,906104
Rent,906105
Rent,906107
Rent,906109
Own,906110
Rent,906111
Rent,906118
Own,906121
Rent,906124
Rent,906129
Rent,906132
Rent,906136
Rent,906137
Rent,906141
Rent,906142
Rent,906147
Rent,906148
Rent,906149
Rent,906151
Rent,906159
Own,906162
Rent,906165
Rent,906166
Rent,906174
Rent,906175
Rent,906176
Rent,906178
Rent,906179
Rent,906181
Rent,906182
Own,906185
Rent,906189
Rent,906197
Rent,906201
Rent,906208
Own,906213
Rent,906220
Own,906221
Rent,906228
Rent,906231
Rent,906232
Rent,906251
Rent,906253
Rent,906271
Rent,906275
Rent,906279
Rent,906280
Rent,906287
Rent,906290
Own,906300
Rent,906328
Rent,906332
Rent,906335
Own,906343
Rent,906355
Rent,906361
Own,906374
Rent,906375
Rent,906388
Rent,906398
Rent,906403
Rent,906406
Rent,906420
Rent,906430
Rent,906432
Rent,906490
Own,906493
Rent,906494
Rent,906499
Rent,906512
Rent,906535
Rent,906563
Own,906573
Rent,906616
Rent,906712
Rent,906758
Rent,906768
Rent,906783
Rent,906796
Rent,906908
Rent,906941
Own,906948
Rent,906977
Rent,907032
Rent,907091
Own,907403
Rent,907445
Rent,907552
Rent,907560
Own,907568
Rent,907683
Rent,907747
Rent,907815
Rent,907893
Rent,907904
Rent,908084
Rent,908194
Rent,908351
Rent,908397
Rent,908848
Own,908968
Rent,908989
Rent,909068
Rent,909102
Rent,909302
Rent,909559
Rent,909729
Rent,909885
Own,909950
Rent,910284
Rent,910325
Rent,910376
Rent,910591
Rent,910777
Rent,910914
Rent,910983
Rent,911158
Own,911366
Rent,911657
Rent,911749
Rent,911756
Rent,911819
Rent,911950
Rent,912013
Rent,912250
Rent,912259
Rent,912262
Rent,912266
Rent,912269
Own,912271
Rent,912276
Rent,912278
Own,912280
Rent,912281
Rent,912287
Own,912289
Rent,912292
Rent,912293
Rent,912296
Rent,912303
Rent,912305
Rent,912306
Own,912310
Own,912312
Own,912314
Rent,912316
Own,912317
Rent,912322
Own,912324
Rent,912329
Rent,912331
Rent,912332
Rent,912334
Rent,912337
Rent,912341
Own,912343
Rent,912345
Rent,912346
Rent,912348
Rent,912351
Rent,912353
Rent,912354
Own,912357
Rent,912361
Rent,912370
Own,912374
Rent,912375
Rent,912378
Rent,912382
Rent,912383
Own,912384
Rent,912385
Rent,912388
Rent,912390
Own,912393
Own,912394
Rent,912396
Rent,912398
Rent,912399
Rent,912400
Own,912402
Rent,912405
Rent,912406
Rent,912408
Rent,912409
Rent,912411
Rent,912412
Rent,912413
Rent,912415
Rent,912418
Rent,912426
Rent,912432
Rent,912437
Rent,912438
Rent,912440
Rent,912441
Rent,912442
Rent,912445
Rent,912447
Rent,912448
Rent,912449
Own,912451
Rent,912455
Rent,912459
Rent,912468
Own,912469
Rent,912472
Rent,912473
Rent,912478
Rent,912479
Own,912480
Rent,912486
Rent,912492
Own,912495
Rent,912499
Rent,912502
Own,912505
Rent,912508
Rent,912512
Rent,912514
Rent,912515
Rent,912517
Rent,912518
Rent,912519
Rent,912527
Rent,912529
Rent,912530
Rent,912535
Rent,912539
Rent,912548
Rent,912551
Rent,912552
Rent,912554
Own,912556
Rent,912558
Rent,912560
Rent,912562
Rent,912568
Own,912570
Rent,912571
Rent,912575
Own,912576
Rent,912580
Rent,912584
Rent,912593
Rent,912594
Rent,912596
Rent,912599
Rent,912602
Rent,912603
Rent,912608
Own,912614
Rent,912618
Rent,912622
Rent,912624
Rent,912625
Rent,912627
Own,912630
Rent,912632
Rent,912634
Rent,912640
Rent,912641
Own,912644
Rent,912649
Own,912650
Rent,912651
Rent,912653
Rent,912654
Own,912656
Rent,912658
Rent,912659
Own,912664
Rent,912671
Rent,912677
Own,912680
Own,912681
Rent,912688
Rent,912694
Rent,912695
Rent,912698
Rent,912701
Own,912702
Rent,912704
Rent,912707
Rent,912708
Own,912709
Rent,912710
Rent,912713
Rent,912714
Rent,912717
Rent,912719
Rent,912727
Rent,912730
Rent,912732
Rent,912734
Rent,912738
Rent,912741
Rent,912743
Rent,912744
Rent,912752
Rent,912754
Rent,912761
Own,912762
Rent,912763
Own,912766
Own,912767
Rent,912771
Rent,912773
Rent,912779
Rent,912781
Rent,912791
Rent,912812
Rent,912819
Rent,912836
Rent,912855
Rent,912856
Rent,912888
Rent,912895
Own,912908
Rent,912911
Rent,912914
Rent,912921
Rent,912934
Rent,912938
Rent,912944
Rent,912953
Rent,912964
Rent,912966
Rent,912969
Rent,912970
Rent,912978
Own,912983
Rent,912984
Rent,912985
Rent,912990
Rent,912998
Rent,912999
Rent,913008
Rent,913012
Own,913014
Own,913020
Rent,913021
Own,913028
Rent,913030
Own,913031
Rent,913034
Rent,913036
Rent,913037
Rent,913040
Rent,913043
Rent,913047
Rent,913053
Rent,913058
Rent,913060
Rent,913068
Own,913069
Rent,913078
Rent,913079
Rent,913081
Rent,913082
Rent,913087
Rent,913095
Rent,913097
Rent,913101
Rent,913108
Rent,913110
Own,913118
Rent,913119
Rent,913122
Rent,913126
Rent,913128
Rent,913133
Rent,913134
Rent,913137
Rent,913139
Rent,913147
Rent,913149
Rent,913156
Own,913158
Own,913159
Rent,913161
Rent,913164
Rent,913166
Rent,913169
Own,913173
Rent,913179
Rent,913183
Own,913191
Rent,913198
Rent,913201
Rent,913205
Rent,913209
Rent,913211
Own,913212
Rent,913216
Rent,913243
Rent,913251
Rent,913265
Rent,913278
Rent,913286
Rent,913287
Rent,913310
Rent,913314
Rent,913317
Own,913319
Rent,913321
Own,913338
Own,913342
Own,913393
Rent,913426
Rent,913427
Rent,913435
Rent,913449
Rent,913450
Rent,913453
Rent,913460
Rent,913467
Rent,913475
Rent,913477
Rent,913480
Own,913483
Own,913486
Rent,913491
Rent,913493
Rent,913505
Rent,913515
Rent,913516
Own,913525
Rent,913534
Rent,913535
Rent,913537
Own,913539
Rent,913547
Rent,913555
Rent,913566
Rent,913580
Rent,913588
Rent,913590
Own,913595
Rent,913596
Rent,913600
Own,913602
Rent,913609
Rent,913624
Rent,913633
Rent,913751
Rent,913829
Rent,913830
Rent,913885
Rent,913908
Rent,913979
Rent,914013
Own,914020
Own,914049
Rent,914090
Rent,914162
Rent,914250
Rent,914256
Rent,914260
Rent,914278
Own,914283
Rent,914315
Own,914342
Rent,914352
Rent,914386
Own,914417
Rent,914420
Rent,914422
Rent,914425
Rent,914429
Rent,914440
Own,914447
Rent,914476
Rent,914522
Rent,914532
Own,914554
Rent,914560
Own,914586
Rent,914620
Rent,914636
Rent,914652
Rent,914678
Rent,914687
Rent,914706
Rent,914709
Rent,914743
Rent,914753
Own,914765
Rent,914770
Own,914816
Rent,914835
Own,914839
Rent,914864
Rent,914895
Rent,914913
Rent,914924
Rent,914948
Rent,915013
Rent,915017
Own,915023
Own,915049
Own,915087
Rent,915107
Own,915122
Rent,915129
Rent,915141
Rent,915150
Rent,915170
Own,915175
Own,915192
Own,915206
Rent,915222
Own,915240
Rent,915270
Own,915291
Rent,915338
Rent,915362
Own,915414
Rent,915418
Rent,915437
Rent,915454
Rent,915472
Rent,915490
Rent,915507
Rent,915521
Rent,915522
Rent,915539
Own,915545
Own,915564
Rent,915566
Rent,915586
Rent,915607
Rent,915610
Rent,915614
Own,915616
Rent,915625
Rent,915660
Rent,915668
Rent,915685
Rent,915704
Rent,915723
Rent,915747
Own,915750
Rent,915755
Rent,915758
Own,915778
Rent,915810
Rent,915811
Rent,915812
Rent,915832
Rent,915834
Rent,915841
Rent,915847
Own,915851
Rent,915861
Rent,915869
Own,915887
Rent,915894
Rent,915897
Rent,915909
Rent,915919
Rent,915938
Own,915958
Own,915983
Rent,915994
Rent,916025
Rent,916026
Rent,916035
Rent,916043
Rent,916065
Own,916066
Rent,916069
Rent,916072
Rent,916076
Rent,916080
Rent,916091
Rent,916098
Own,916118
Own,916133
Rent,916139
Rent,916140
Rent,916159
Rent,916166
Rent,916167
Rent,916176
Rent,916189
Rent,916196
Rent,916197
Own,916198
Own,916208
Rent,916215
Rent,916225
Rent,916237
Own,916265
Rent,916267
Rent,916281
Rent,916306
Rent,916309
Rent,916313
Rent,916321
Rent,916326
Rent,916335
Rent,916340
Rent,916355
Rent,916359
Rent,916374
Rent,916378
Rent,916385
Rent,916389
Rent,916399
Rent,916406
Rent,916439
Own,916469
Own,916483
Own,916500
Rent,916506
Own,916514
Rent,916519
Own,916534
Rent,916547
Rent,916560
Rent,916567
Rent,916583
Rent,916584
Rent,916603
Rent,916624
Own,916632
Rent,916646
Rent,916654
Own,916658
Own,916666
Rent,916676
Rent,916681
Rent,916683
Own,916705
Own,916721
Rent,916723
Rent,916728
Rent,916730
Own,916735
Own,916747
Rent,916757
Own,916787
Rent,916793
Own,916794
Own,916797
Rent,916799
Own,916811
Rent,916813
Own,916815
Rent,916819
Rent,916822
Rent,916823
Rent,916828
Rent,916831
Rent,916835
Rent,916838
Rent,916843
Own,916847
Rent,916861
Rent,916864
Rent,916866
Rent,916867
Rent,916875
Rent,916877
Rent,916885
Rent,916887
Rent,916889
Rent,916894
Own,916909
Rent,916911
Rent,916926
Own,916933
Rent,916939
Rent,916941
Rent,916943
Rent,916950
Rent,916975
Rent,916980
Rent,916984
Rent,916992
Rent,916995
Rent,916996
Rent,916997
Rent,917005
Rent,917006
Own,917007
Rent,917012
Rent,917025
Rent,917035
Rent,917037
Rent,917038
Rent,917043
Rent,917052
Rent,917058
Rent,917060
Rent,917063
Rent,917066
Rent,917072
Rent,917073
Rent,917076
Rent,917079
Rent,917083
Rent,917085
Rent,917090
Own,917098
Rent,917100
Rent,917107
Own,917108
Rent,917109
Rent,917115
Own,917140
Rent,917142
Rent,917146
Rent,917153
Rent,917155
Own,917167
Rent,917169
Rent,917173
Rent,917175
Rent,917178
Rent,917188
Rent,917207
Rent,917211
Rent,917228
Rent,917231
Own,917246
Rent,917247
Rent,917248
Rent,917251
Rent,917255
Own,917257
Rent,917260
Own,917264
Rent,917273
Rent,917283
Rent,917286
Own,917290
Rent,917296
Rent,917297
Rent,917299
Rent,917300
Own,917301
Rent,917311
Rent,917318
Rent,917319
Own,917321
Rent,917325
Rent,917327
Rent,917329
Rent,917343
Rent,917344
Rent,917346
Rent,917351
Own,917353
Rent,917354
Rent,917356
Rent,917357
Rent,917361
Rent,917363
Rent,917365
Rent,917370
Own,917372
Rent,917373
Rent,917385
Rent,917392
Rent,917403
Own,917406
Rent,917407
Rent,917411
Rent,917412
Own,917413
Rent,917421
Rent,917427
Rent,917432
Rent,917435
Own,917436
Rent,917441
Rent,917448
Own,917454
Rent,917465
Own,917480
Own,917490
Rent,917497
Rent,917506
Rent,917521
Own,917528
Rent,917533
Rent,917542
Rent,917544
Own,917556
Rent,917560
Rent,917564
Rent,917566
Rent,917573
Own,917574
Rent,917586
Rent,917594
Rent,917603
Own,917608
Rent,917609
Rent,917610
Rent,917613
Rent,917617
Rent,917623
Rent,917626
Rent,917627
Rent,917628
Rent,917632
Rent,917635
Rent,917649
Rent,917650
Rent,917653
Rent,917654
Own,917661
Rent,917663
Own,917667
Rent,917671
Own,917674
Rent,917677
Rent,917684
Rent,917693
Rent,917698
Rent,917699
Own,917711
Rent,917713
Rent,917714
Rent,917722
Rent,917731
Own,917738
Own,917759
Rent,917767
Rent,917772
Rent,917773
Rent,917798
Rent,917803
Rent,917812
Own,917821
Rent,917838
Rent,917843
Own,917846
Rent,917849
Own,917851
Rent,917861
Rent,917862
Own,917875
Rent,917877
Own,917883
Rent,917886
Rent,917890
Rent,917891
Rent,917898
Rent,917904
Own,917915
Rent,917920
Rent,917922
Own,917925
Rent,917928
Rent,917933
Rent,917948
Own,917949
Own,917950
Rent,917954
Rent,917958
Rent,917962
Rent,917974
Rent,917984
Rent,917996
Rent,917997
Rent,918004
Own,918011
Own,918025
Own,918026
Rent,918032
Rent,918034
Rent,918039
Rent,918052
Rent,918054
Rent,918055
Own,918060
Own,918077
Rent,918080
Rent,918083
Rent,918090
Rent,918098
Rent,918103
Rent,918109
Own,918119
Rent,918120
Rent,918152
Own,918155
Own,918157
Rent,918161
Rent,918169
Rent,918170
Rent,918172
Own,918173
Own,918181
Rent,918186
Rent,918192
Rent,918196
Rent,918201
Rent,918205
Rent,918207
Rent,918208
Rent,918217
Own,918224
Rent,918225
Rent,918235
Rent,918237
Rent,918260
Own,918272
Own,918278
Rent,918280
Rent,918282
Rent,918283
Rent,918286
Rent,918298
Rent,918299
Own,918314
Own,918318
Own,918322
Rent,918323
Rent,918328
Rent,918329
Rent,918338
Rent,918347
Rent,918350
Rent,918358
Rent,918367
Rent,918368
Rent,918396
Rent,918398
Rent,918407
Rent,918418
Rent,918419
Own,918429
Rent,918431
Own,918441
Rent,918445
Rent,918451
Rent,918456
Own,918475
Rent,918476
Own,918515
Rent,918529
Rent,918536
Rent,918548
Own,918556
Rent,918597
Rent,918614
Rent,918624
Rent,918626
Rent,918639
Own,918657
Own,918690
Rent,918694
Rent,918703
Rent,918705
Rent,918710
Rent,918730
Rent,918742
Rent,918765
Rent,918769
Rent,918773
Rent,918775
Rent,918796
Rent,918801
Rent,918810
Own,918818
Rent,918823
Own,918856
Own,918873
Rent,918906
Rent,918919
Own,918943
Rent,918999
Rent,919062
Rent,919073
Rent,919076
Rent,919210
Rent,919262
Rent,919349
Rent,919350
Rent,919369
Rent,919704
Rent,919792
Rent,920108
Own,920182
Rent,920740
Own,920779
Rent,921894
Rent,922482
Rent,922584
Rent,923756
Rent,923761
Rent,923843
Own,924237
Rent,924315
Rent,924521
Own,924570
Rent,924737
Rent,924749
Rent,924965
Rent,925177
Rent,925654
Rent,925728
Own,925738
Own,925876
Rent,926086
Rent,926360
Rent,927058
Rent,927084
Own,927147
Rent,927197
Own,927390
Rent,927818
