<?xml version="1.0" encoding="UTF-8"?>
<config xmlns="http://www.knime.org/2008/09/XMLConfig" xmlns:xsi="http://www.w3.org/2001/XMLSchema-instance" xsi:schemaLocation="http://www.knime.org/2008/09/XMLConfig http://www.knime.org/XMLConfig_2008_09.xsd" key="MiningSchema">
    <config key="learning">
        <entry key="array-size" type="xint" value="14"/>
        <entry key="0" type="xstring" value="colorBase"/>
        <entry key="1" type="xstring" value="colorDerivado"/>
        <entry key="2" type="xstring" value="umd"/>
        <entry key="3" type="xstring" value="tipo"/>
        <entry key="4" type="xstring" value="grupo"/>
        <entry key="5" type="xstring" value="rango_compra"/>
        <entry key="6" type="xstring" value="precio"/>
        <entry key="7" type="xstring" value="rango_precio"/>
        <entry key="8" type="xstring" value="nombre"/>
        <entry key="9" type="xstring" value="razonSocial"/>
        <entry key="10" type="xstring" value="colonia"/>
        <entry key="11" type="xstring" value="ciudad"/>
        <entry key="12" type="xstring" value="estado"/>
        <entry key="13" type="xstring" value="pais"/>
    </config>
    <config key="target">
        <entry key="array-size" type="xint" value="1"/>
        <entry key="0" type="xstring" value="cantidad_articulos"/>
    </config>
</config>
