<?xml version="1.0" encoding="UTF-8"?>
<config xmlns="http://www.knime.org/2008/09/XMLConfig" xmlns:xsi="http://www.w3.org/2001/XMLSchema-instance" xsi:schemaLocation="http://www.knime.org/2008/09/XMLConfig http://www.knime.org/XMLConfig_2008_09.xsd" key="MiningSchema">
    <config key="learning">
        <entry key="array-size" type="xint" value="11"/>
        <entry key="0" type="xstring" value="Age"/>
        <entry key="1" type="xstring" value="Gender"/>
        <entry key="2" type="xstring" value="HomeOwnership"/>
        <entry key="3" type="xstring" value="InternetConnection"/>
        <entry key="4" type="xstring" value="MaritalStatus"/>
        <entry key="5" type="xstring" value="CellphoneService"/>
        <entry key="6" type="xstring" value="NumCars"/>
        <entry key="7" type="xstring" value="PPVFreq"/>
        <entry key="8" type="xstring" value="MobileOperatingSystem"/>
        <entry key="9" type="xstring" value="StreamingRadio"/>
        <entry key="10" type="xstring" value="CustomerID"/>
    </config>
    <config key="target">
        <entry key="array-size" type="xint" value="1"/>
        <entry key="0" type="xstring" value="EducationLevel"/>
    </config>
</config>
