salida_id,folio
456,S00001
457,S00002
458,S00003
459,S00004
460,S00005
461,S00006
462,S00007
463,S00008
464,S00009
465,S00010
466,S00011
467,S00012
469,S00013
470,S00014
471,S00015
472,S00016
473,S00017
474,S00018
475,S00019
476,S00020
477,S00021
478,S00022
479,S00023
480,S00024
481,S00025
482,S00026
483,S00027
484,S00028
485,S00029
486,S00030
487,S00031
488,S00032
489,S00033
490,S00034
491,S00035
492,S00036
493,S00037
494,S00038
495,S00039
496,S00040
497,S00041
498,S00042
499,S00043
500,S00044
501,S00045
502,S00046
503,S00047
504,S00048
505,S00049
506,S00050
507,S00051
508,S00052
509,S00053
511,S00054
512,S00055
513,S00056
514,S00057
515,S00058
516,S00059
518,S00060
519,S00061
520,S00062
521,S00063
523,S00064
524,S00065
525,S00066
526,S00067
528,S00068
529,S00069
530,S00070
531,S00071
534,S00072
535,S00073
536,S00074
537,S00075
538,S00076
539,S00077
540,S00078
541,S00079
542,S00080
543,S00081
544,S00082
545,S00083
546,S00084
547,S00085
548,S00086
549,S00087
550,S00088
551,S00089
552,S00090
553,S00091
554,S00092
555,S00093
556,S00094
557,S00095
558,S00096
559,S00097
560,S00098
561,S00099
562,S00100
563,S00101
564,S00102
565,S00103
566,S00104
567,S00105
568,S00106
569,S00107
570,S00108
571,S00109
572,S00110
573,S00111
574,S00112
575,S00113
576,S00114
577,S00115
578,S00116
580,S00117
581,S00118
582,S00119
583,S00120
584,S00121
585,S00122
586,S00123
587,S00124
588,S00125
589,S00126
590,S00127
591,S00128
592,S00129
593,S00130
594,S00131
595,S00132
596,S00133
597,S00134
598,S00135
599,S00136
600,S00137
601,S00138
602,S00139
603,S00140
604,S00141
605,S00142
606,S00143
607,S00144
608,S00145
609,S00146
610,S00147
611,S00148
612,S00149
613,S00150
614,S00151
615,S00152
616,S00153
617,S00154
618,S00155
619,S00156
620,S00157
621,S00158
622,S00159
623,S00160
624,S00161
625,S00162
626,S00163
627,S00164
628,S00165
629,S00166
630,S00167
631,S00168
632,S00169
633,S00170
634,S00171
635,S00172
636,S00173
637,S00174
638,S00175
639,S00176
640,S00177
641,S00178
643,S00179
645,S00180
646,S00181
647,S00182
648,S00183
649,S00184
650,S00185
651,S00186
652,S00187
653,S00188
654,S00189
655,S00190
656,S00191
657,S00192
659,S00193
660,S00194
661,S00195
662,S00196
663,S00197
664,S00198
665,S00199
666,S00200
667,S00201
668,S00202
669,S00203
670,S00204
671,S00205
672,S00206
673,S00207
674,S00208
675,S00209
676,S00210
677,S00211
678,S00212
679,S00213
680,S00214
681,S00215
682,S00216
683,S00217
684,S00218
685,S00219
686,S00220
687,S00221
688,S00222
689,S00223
690,S00224
691,S00225
692,S00226
693,S00227
694,S00228
695,S00229
696,S00230
697,S00231
698,S00232
699,S00233
700,S00234
701,S00235
702,S00236
703,S00237
704,S00238
705,S00239
706,S00240
707,S00241
708,S00242
709,S00243
711,S00244
712,S00245
713,S00246
714,S00247
715,S00248
717,S00249
718,S00250
719,S00251
720,S00252
721,S00253
722,S00254
723,S00255
725,S00256
726,S00257
727,S00258
728,S00259
729,S00260
730,S00261
731,S00262
732,S00263
733,S00264
734,S00265
735,S00266
736,S00267
737,S00268
738,S00269
739,S00270
740,S00271
741,S00272
742,S00273
743,S00274
744,S00275
745,S00276
746,S00277
747,S00278
748,S00279
749,S00280
750,S00281
751,S00282
752,S00283
753,S00284
754,S00285
755,S00286
756,S00287
757,S00288
758,S00289
759,S00290
760,S00291
761,S00292
762,S00293
763,S00294
764,S00295
765,S00296
766,S00297
767,S00298
768,S00299
769,S00300
770,S00301
771,S00302
772,S00303
773,S00304
774,S00305
775,S00306
776,S00307
777,S00308
778,S00309
779,S00310
780,S00311
781,S00312
782,S00313
783,S00314
784,S00315
785,S00316
786,S00317
787,S00318
788,S00319
789,S00320
790,S00321
791,S00322
792,S00323
793,S00324
794,S00325
795,S00326
796,S00327
797,S00328
798,S00329
799,S00330
801,S00331
802,S00332
803,S00333
804,S00334
805,S00335
806,S00336
807,S00337
808,S00338
809,S00339
810,S00340
811,S00341
813,S00342
814,S00343
815,S00344
816,S00345
817,S00346
818,S00347
819,S00348
820,S00349
821,S00350
822,S00351
823,S00352
824,S00353
825,S00354
826,S00355
827,S00356
828,S00357
829,S00358
831,S00359
832,S00360
833,S00361
834,S00362
835,S00363
836,S00364
837,S00365
838,S00366
839,S00367
840,S00368
841,S00369
842,S00370
843,S00371
844,S00372
845,S00373
846,S00374
847,S00375
848,S00376
849,S00377
850,S00378
851,S00379
853,S00380
854,S00381
855,S00382
856,S00383
857,S00384
858,S00385
859,S00386
860,S00387
862,S00388
863,S00389
864,S00390
865,S00391
866,S00392
867,S00393
868,S00394
869,S00395
870,S00396
871,S00397
872,S00398
873,S00399
874,S00400
875,S00401
876,S00402
877,S00403
878,S00404
879,S00405
880,S00406
881,S00407
882,S00408
883,S00409
884,S00410
885,S00411
886,S00412
887,S00413
888,S00414
889,S00415
890,S00416
891,S00417
892,S00418
893,S00419
894,S00420
895,S00421
896,S00422
897,S00423
898,S00424
899,S00425
900,S00426
901,S00427
902,S00428
903,S00429
904,S00430
905,S00431
906,S00432
907,S00433
908,S00434
909,S00435
910,S00436
911,S00437
912,S00438
913,S00439
914,S00440
915,S00441
916,S00442
917,S00443
918,S00444
919,S00445
920,S00446
921,S00447
922,S00448
923,S00449
924,S00450
925,S00451
926,S00452
927,S00453
928,S00454
929,S00455
930,S00456
931,S00457
932,S00458
933,S00459
934,S00460
935,S00461
936,S00462
937,S00463
938,S00464
939,S00465
940,S00466
941,S00467
942,S00468
943,S00469
944,S00470
945,S00471
946,S00472
947,S00473
948,S00474
949,S00475
950,S00476
951,S00477
952,S00478
953,S00479
954,S00480
955,S00481
956,S00482
957,S00483
958,S00484
959,S00485
960,S00486
961,S00487
962,S00488
963,S00489
964,S00490
965,S00491
966,S00492
967,S00493
968,S00494
969,S00495
970,S00496
971,S00497
972,S00498
973,S00499
974,S00500
975,S00501
976,S00502
977,S00503
978,S00504
979,S00505
980,S00506
981,S00507
982,S00508
983,S00509
984,S00510
985,S00511
986,S00512
987,S00513
988,S00514
989,S00515
990,S00516
991,S00517
992,S00518
993,S00519
994,S00520
995,S00521
996,S00522
997,S00523
998,S00524
999,S00525
1000,S00526
1001,S00527
1002,S00528
1003,S00529
1004,S00530
1005,S00531
1006,S00532
1007,S00533
1008,S00534
1009,S00535
1010,S00536
1011,S00537
1012,S00538
1013,S00539
1014,S00540
1015,S00541
1016,S00542
1017,S00543
1018,S00544
1019,S00545
1020,S00546
1021,S00547
1022,S00548
1023,S00549
1024,S00550
1025,S00551
1026,S00552
1027,S00553
1028,S00554
1029,S00555
1030,S00556
1031,S00557
1032,S00558
1033,S00559
1034,S00560
1035,S00561
1036,S00562
1037,S00563
1038,S00564
1039,S00565
1040,S00566
1041,S00567
1042,S00568
1043,S00569
1044,S00570
1045,S00571
1046,S00572
1048,S00573
1049,S00574
1050,S00575
1051,S00576
1052,S00577
1054,S00578
1055,S00579
1056,S00580
1057,S00581
1058,S00582
1059,S00583
1060,S00584
1061,S00585
1062,S00586
1063,S00587
1064,S00588
1065,S00589
1066,S00590
1067,S00591
1068,S00592
1069,S00593
1070,S00594
1071,S00595
1072,S00596
1073,S00597
1074,S00598
1076,S00599
1077,S00600
1078,S00601
1079,S00602
1080,S00603
1081,S00604
1082,S00605
1083,S00606
1084,S00607
1086,S00608
1087,S00609
1088,S00610
1090,S00611
1091,S00612
1092,S00613
1093,S00614
1094,S00615
1095,S00616
1096,S00617
1097,S00618
1099,S00619
1100,S00620
1101,S00621
1102,S00622
1103,S00623
1104,S00624
1105,S00625
1106,S00626
1107,S00627
1111,S00628
1112,S00629
1113,S00630
1114,S00631
1115,S00632
1116,S00633
1117,S00634
1118,S00635
1119,S00636
1120,S00637
1121,S00638
1122,S00639
1123,S00640
1124,S00641
1125,S00642
1126,S00643
1127,S00644
1128,S00645
1129,S00646
1130,S00647
1131,S00648
1133,S00649
1134,S00650
1137,S00651
1138,S00652
1139,S00653
1140,S00654
1141,S00655
1142,S00656
1143,S00657
1144,S00658
1145,S00659
1146,S00660
1147,S00661
1148,S00662
1149,S00663
1150,S00664
1151,S00665
1152,S00666
1153,S00667
1154,S00668
1155,S00669
1156,S00670
1157,S00671
1158,S00672
1159,S00673
1160,S00674
1161,S00675
1162,S00676
1163,S00677
1164,S00678
1165,S00679
1167,S00680
1169,S00681
1170,S00682
1171,S00683
1172,S00684
1173,S00685
1174,S00686
1175,S00687
1176,S00688
1177,S00689
1178,S00690
1179,S00691
1180,S00692
1181,S00693
1182,S00694
1183,S00695
1184,S00696
1185,S00697
1186,S00698
1187,S00699
1188,S00700
1189,S00701
1190,S00702
1191,S00703
1192,S00704
1193,S00705
1194,S00706
1195,S00707
1196,S00708
1197,S00709
1198,S00710
1199,S00711
1200,S00712
1201,S00713
1202,S00714
1203,S00715
1204,S00716
1205,S00717
1206,S00718
1207,S00719
1208,S00720
1209,S00721
1210,S00722
1211,S00723
1212,S00724
1213,S00725
1214,S00726
1215,S00727
1216,S00728
1217,S00729
1218,S00730
1219,S00731
1220,S00732
1221,S00733
1222,S00734
1223,S00735
1224,S00736
1225,S00737
1226,S00738
1227,S00739
1228,S00740
1229,S00741
1230,S00742
1231,S00743
1232,S00744
1233,S00745
1234,S00746
1235,S00747
1236,S00748
1237,S00749
1238,S00750
1239,S00751
1240,S00752
1241,S00753
1242,S00754
1243,S00755
1244,S00756
1245,S00757
1246,S00758
1247,S00759
1248,S00760
1249,S00761
1250,S00762
1251,S00763
1252,S00764
1253,S00765
1254,S00766
1255,S00767
1256,S00768
1257,S00769
1258,S00770
1259,S00771
1260,S00772
1261,S00773
1262,S00774
1263,S00775
1264,S00776
1265,S00777
1266,S00778
1267,S00779
1268,S00780
1269,S00781
1270,S00782
1271,S00783
1272,S00784
1273,S00785
1274,S00786
1275,S00787
1276,S00788
1277,S00789
1278,S00790
1279,S00791
1280,S00792
1281,S00793
1282,S00794
1283,S00795
1284,S00796
1285,S00797
1286,S00798
1287,S00799
1288,S00800
1289,S00801
1290,S00802
1291,S00803
1292,S00804
1293,S00805
1294,S00806
1295,S00807
1296,S00808
1297,S00809
1298,S00810
1299,S00811
1300,S00812
1301,S00813
1302,S00814
1303,S00815
1304,S00816
1305,S00817
1306,S00818
1307,S00819
1308,S00820
1309,S00821
1310,S00822
1311,S00823
1312,S00824
1313,S00825
1314,S00826
1315,S00827
1316,S00828
1317,S00829
1318,S00830
1319,S00831
1320,S00832
1321,S00833
1322,S00834
1323,S00835
1324,S00836
1325,S00837
1326,S00838
1327,S00839
1328,S00840
1329,S00841
1330,S00842
1331,S00843
1332,S00844
1334,S00845
1335,S00846
1336,S00847
1337,S00848
1338,S00849
1339,S00850
1340,S00851
1341,S00852
1342,S00853
1343,S00854
1344,S00855
1345,S00856
1346,S00857
1347,S00858
1348,S00859
1349,S00860
1350,S00861
1351,S00862
1352,S00863
1353,S00864
1354,S00865
1355,S00866
1356,S00867
1357,S00868
1358,S00869
1359,S00870
1360,S00871
1361,S00872
1362,S00873
1363,S00874
1364,S00875
1365,S00876
1366,S00877
1367,S00878
1368,S00879
1369,S00880
1370,S00881
1371,S00882
1372,S00883
1373,S00884
1374,S00885
1375,S00886
1376,S00887
1377,S00888
1378,S00889
1379,S00890
1380,S00891
1381,S00892
1382,S00893
1383,S00894
1384,S00895
1385,S00896
1386,S00897
1387,S00898
1388,S00899
1389,S00900
1390,S00901
1391,S00902
1392,S00903
1393,S00904
1394,S00905
1395,S00906
1396,S00907
1397,S00908
1398,S00909
1399,S00910
1400,S00911
1401,S00912
1402,S00913
1403,S00914
1404,S00915
1405,S00916
1406,S00917
1407,S00918
1408,S00919
1409,S00920
1410,S00921
1411,S00922
1412,S00923
1413,S00924
1414,S00925
1415,S00926
1416,S00927
1417,S00928
1418,S00929
1419,S00930
1420,S00931
1421,S00932
1422,S00933
1423,S00934
1424,S00935
1425,S00936
1426,S00937
1427,S00938
1428,S00939
1429,S00940
1430,S00941
1431,S00942
1432,S00943
1433,S00944
1434,S00945
1435,S00946
1437,S00947
1438,S00948
1439,S00949
1440,S00950
1441,S00951
1442,S00952
1443,S00953
1444,S00954
1445,S00955
1446,S00956
1447,S00957
1448,S00958
1449,S00959
1450,S00960
1451,S00961
1452,S00962
1453,S00963
1454,S00964
1457,S00965
1458,S00966
1459,S00967
1460,S00968
1461,S00969
1462,S00970
1463,S00971
1464,S00972
1465,S00973
1468,S00974
1469,S00975
1470,S00976
1471,S00977
1472,S00978
1473,S00979
1474,S00980
1475,S00981
1476,S00982
1477,S00983
1478,S00984
1479,S00985
1480,S00986
1481,S00987
1482,S00988
1483,S00989
1484,S00990
1485,S00991
1486,S00992
1487,S00993
1488,S00994
1489,S00995
1490,S00996
1491,S00997
1492,S00998
1493,S00999
1494,S01000
1495,S01001
1496,S01002
1498,S01003
1499,S01004
1500,S01005
1501,S01006
1502,S01007
1503,S01008
1504,S01009
1505,S01010
1507,S01011
1508,S01012
1509,S01013
1510,S01014
1511,S01015
1512,S01016
1513,S01017
1514,S01018
1515,S01019
1516,S01020
1517,S01021
1518,S01022
1519,S01023
1520,S01024
1521,S01025
1522,S01026
1523,S01027
1524,S01028
1525,S01029
1526,S01030
1527,S01031
1528,S01032
1529,S01033
1530,S01034
1531,S01035
1532,S01036
1533,S01037
1534,S01038
1535,S01039
1536,S01040
1537,S01041
1538,S01042
1539,S01043
1540,S01044
1541,S01045
1542,S01046
1543,S01047
1544,S01048
1545,S01049
1546,S01050
1547,S01051
1548,S01052
1549,S01053
1550,S01054
1552,S01055
1553,S01056
1554,S01057
1555,S01058
1556,S01059
1557,S01060
1558,S01061
1559,S01062
1560,S01063
1561,S01064
1562,S01065
1563,S01066
1564,S01067
1565,S01068
1566,S01069
1568,S01070
1569,S01071
1570,S01072
1571,S01073
1572,S01074
1573,S01075
1574,S01076
1575,S01077
1576,S01078
1577,S01079
1578,S01080
1579,S01081
1580,S01082
1581,S01083
1582,S01084
1583,S01085
1584,S01086
1585,S01087
1586,S01088
1587,S01089
1588,S01090
1589,S01091
1590,S01092
1591,S01093
1592,S01094
1593,S01095
1594,S01096
1595,S01097
1596,S01098
1597,S01099
1598,S01100
1599,S01101
1600,S01102
1601,S01103
1602,S01104
1603,S01105
1604,S01106
1605,S01107
1606,S01108
1607,S01109
1608,S01110
1609,S01111
1610,S01112
1611,S01113
1612,S01114
1613,S01115
1614,S01116
1615,S01117
1616,S01118
1617,S01119
1618,S01120
1619,S01121
1620,S01122
1621,S01123
1622,S01124
1623,S01125
1624,S01126
1625,S01127
1626,S01128
1627,S01129
1628,S01130
1629,S01131
1630,S01132
1631,S01133
1632,S01134
1633,S01135
1634,S01136
1635,S01137
1636,S01138
1637,S01139
1638,S01140
1639,S01141
1640,S01142
1641,S01143
1642,S01144
1643,S01145
1644,S01146
1645,S01147
1646,S01148
1647,S01149
1648,S01150
1649,S01151
1650,S01152
1651,S01153
1652,S01154
1653,S01155
1654,S01156
1655,S01157
1656,S01158
1657,S01159
1658,S01160
1659,S01161
1660,S01162
1662,S01163
1663,S01164
1664,S01165
1665,S01166
1666,S01167
1667,S01168
1668,S01169
1669,S01170
1670,S01171
1671,S01172
1672,S01173
1673,S01174
1674,S01175
1675,S01176
1676,S01177
1677,S01178
1678,S01179
1679,S01180
1680,S01181
1681,S01182
1682,S01183
1683,S01184
1684,S01185
1685,S01186
1686,S01187
1687,S01188
1688,S01189
1689,S01190
1690,S01191
1691,S01192
1692,S01193
1693,S01194
1694,S01195
1695,S01196
1696,S01197
1697,S01198
1698,S01199
1699,S01200
1700,S01201
1701,S01202
1702,S01203
1703,S01204
1704,S01205
1705,S01206
1706,S01207
1707,S01208
1708,S01209
1710,S01210
1711,S01211
1712,S01212
1713,S01213
1714,S01214
1715,S01215
1716,S01216
1717,S01217
1718,S01218
1719,S01219
1720,S01220
1721,S01221
1722,S01222
1723,S01223
1729,S01224
1730,S01225
1731,S01226
1732,S01227
1733,S01228
1734,S01229
1735,S01230
1736,S01231
1737,S01232
1738,S01233
1739,S01234
1740,S01235
1741,S01236
1742,S01237
1743,S01238
1744,S01239
1745,S01240
1746,S01241
1747,S01242
1748,S01243
1749,S01244
1750,S01245
1751,S01246
1752,S01247
1753,S01248
1754,S01249
1755,S01250
1756,S01251
1757,S01252
1758,S01253
1759,S01254
1760,S01255
1761,S01256
1762,S01257
1763,S01258
1764,S01259
1765,S01260
1766,S01261
1767,S01262
1768,S01263
1769,S01264
1770,S01265
1771,S01266
1772,S01267
1773,S01268
1774,S01269
1775,S01270
1776,S01271
1777,S01272
1778,S01273
1779,S01274
1780,S01275
1781,S01276
1782,S01277
1783,S01278
1784,S01279
1785,S01280
1786,S01281
1787,S01282
1788,S01283
1789,S01284
1790,S01285
1791,S01286
1792,S01287
1793,S01288
1794,S01289
1795,S01290
1796,S01291
1797,S01292
1798,S01293
1799,S01294
1800,S01295
1801,S01296
1802,S01297
1803,S01298
1804,S01299
1805,S01300
1806,S01301
1807,S01302
1808,S01303
1809,S01304
1810,S01305
1811,S01306
1812,S01307
1813,S01308
1814,S01309
1815,S01310
1816,S01311
1817,S01312
1818,S01313
1819,S01314
1820,S01315
1821,S01316
1822,S01317
1823,S01318
1824,S01319
1825,S01320
1826,S01321
1827,S01322
1828,S01323
1830,S01324
1831,S01325
1832,S01326
1833,S01327
1834,S01328
1835,S01329
1836,S01330
1837,S01331
1838,S01332
1839,S01333
1840,S01334
1841,S01335
1842,S01336
1843,S01337
1844,S01338
1845,S01339
1846,S01340
1847,S01341
1848,S01342
1849,S01343
1851,S01344
1852,S01345
1853,S01346
1854,S01347
1855,S01348
1856,S01349
1857,S01350
1858,S01351
1859,S01352
1860,S01353
1861,S01354
1862,S01355
1863,S01356
1864,S01357
1865,S01358
1866,S01359
1867,S01360
1868,S01361
1869,S01362
1870,S01363
1871,S01364
1872,S01365
1873,S01366
1874,S01367
1875,S01368
1876,S01369
1877,S01370
1878,S01371
1879,S01372
1880,S01373
1881,S01374
1882,S01375
1883,S01376
1884,S01377
1885,S01378
1886,S01379
1887,S01380
1888,S01381
1889,S01382
1890,S01383
1891,S01384
1892,S01385
1893,S01386
1894,S01387
1895,S01388
1896,S01389
1897,S01390
1898,S01391
1899,S01392
1900,S01393
1901,S01394
1902,S01395
1903,S01396
1904,S01397
1905,S01398
1906,S01399
1907,S01400
1908,S01401
1909,S01402
1910,S01403
1911,S01404
1912,S01405
1913,S01406
1914,S01407
1915,S01408
1916,S01409
1917,S01410
1918,S01411
1919,S01412
1920,S01413
1921,S01414
1922,S01415
1923,S01416
1924,S01417
1925,S01418
1926,S01419
1927,S01420
1928,S01421
1929,S01422
1930,S01423
1931,S01424
1932,S01425
1933,S01426
1934,S01427
1935,S01428
1936,S01429
1937,S01430
1938,S01431
1939,S01432
1940,S01433
1941,S01434
1942,S01435
1943,S01436
1944,S01437
1945,S01438
1946,S01439
1947,S01440
1948,S01441
1949,S01442
1950,S01443
1951,S01444
1952,S01445
1953,S01446
1954,S01447
1955,S01448
1956,S01449
1957,S01450
1958,S01451
1959,S01452
1960,S01453
1961,S01454
1962,S01455
1963,S01456
1964,S01457
1965,S01458
1966,S01459
1967,S01460
1968,S01461
1969,S01462
1970,S01463
1971,S01464
1972,S01465
1973,S01466
1974,S01467
1975,S01468
1976,S01469
1977,S01470
1978,S01471
1979,S01472
1980,S01473
1981,S01474
1982,S01475
1983,S01476
1984,S01477
1985,S01478
1986,S01479
1987,S01480
1988,S01481
1989,S01482
1990,S01483
1991,S01484
1992,S01485
1993,S01486
1994,S01487
1995,S01488
1996,S01489
1997,S01490
1998,S01491
1999,S01492
2000,S01493
2001,S01494
2002,S01495
2003,S01496
2004,S01497
2005,S01498
2006,S01499
2007,S01500
2008,S01501
2009,S01502
2010,S01503
2011,S01504
2012,S01505
2013,S01506
2014,S01507
2015,S01508
2016,S01509
2017,S01510
2018,S01511
2019,S01512
2020,S01513
2021,S01514
2022,S01515
2023,S01516
2024,S01517
2025,S01518
2026,S01519
2027,S01520
2028,S01521
2029,S01522
2031,S01523
2032,S01524
2033,S01525
2034,S01526
2035,S01527
2036,S01528
2037,S01529
2038,S01530
2039,S01531
2041,S01532
2042,S01533
2043,S01534
2044,S01535
2045,S01536
2046,S01537
2047,S01538
2048,S01539
2049,S01540
2050,S01541
2051,S01542
2052,S01543
2053,S01544
2054,S01545
2055,S01546
2056,S01547
2057,S01548
2059,S01549
2060,S01550
2061,S01551
2062,S01552
2063,S01553
2064,S01554
2065,S01555
2066,S01556
2067,S01557
2068,S01558
2069,S01559
2070,S01560
2071,S01561
2072,S01562
2073,S01563
2074,S01564
2075,S01565
2076,S01566
2077,S01567
2078,S01568
2080,S01569
2081,S01570
2082,S01571
2083,S01572
2084,S01573
2085,S01574
2086,S01575
2087,S01576
2089,S01577
2090,S01578
2091,S01579
2092,S01580
2093,S01581
2094,S01582
2095,S01583
2096,S01584
2097,S01585
2098,S01586
2099,S01587
2100,S01588
2101,S01589
2102,S01590
2103,S01591
2104,S01592
2105,S01593
2106,S01594
2107,S01595
2108,S01596
2109,S01597
2110,S01598
2111,S01599
2112,S01600
2113,S01601
2114,S01602
2115,S01603
2116,S01604
2117,S01605
2118,S01606
2119,S01607
2120,S01608
2121,S01609
2122,S01610
2123,S01611
2124,S01612
2125,S01613
2126,S01614
2127,S01615
2128,S01616
2129,S01617
2130,S01618
2131,S01619
2132,S01620
2133,S01621
2134,S01622
2135,S01623
2136,S01624
2137,S01625
2138,S01626
2139,S01627
2140,S01628
2141,S01629
2142,S01630
2143,S01631
2144,S01632
2145,S01633
2146,S01634
2147,S01635
2148,S01636
2149,S01637
2150,S01638
2151,S01639
2152,S01640
2153,S01641
2154,S01642
2155,S01643
2156,S01644
2157,S01645
2158,S01646
2159,S01647
2160,S01648
2161,S01649
2162,S01650
2163,S01651
2164,S01652
2165,S01653
2166,S01654
2167,S01655
2168,S01656
2169,S01657
2170,S01658
2171,S01659
2173,S01660
2174,S01661
2175,S01662
2176,S01663
2177,S01664
2178,S01665
2179,S01666
2180,S01667
2181,S01668
2182,S01669
2183,S01670
2184,S01671
2185,S01672
2186,S01673
2187,S01674
2188,S01675
2189,S01676
2190,S01677
2191,S01678
2192,S01679
2193,S01680
2194,S01681
2195,S01682
2196,S01683
2197,S01684
2198,S01685
2199,S01686
2200,S01687
2201,S01688
2202,S01689
2203,S01690
2204,S01691
2205,S01692
2206,S01693
2207,S01694
2208,S01695
2209,S01696
2210,S01697
2211,S01698
2212,S01699
2213,S01700
2214,S01701
2215,S01702
2216,S01703
2217,S01704
2218,S01705
2219,S01706
2220,S01707
2221,S01708
2222,S01709
2223,S01710
2224,S01711
2225,S01712
2226,S01713
2227,S01714
2228,S01715
2229,S01716
2230,S01717
2231,S01718
2232,S01719
2233,S01720
2234,S01721
2235,S01722
2236,S01723
2237,S01724
2238,S01725
2239,S01726
2240,S01727
2241,S01728
2242,S01729
2243,S01730
2244,S01731
2245,S01732
2247,S01733
2248,S01734
2249,S01735
2250,S01736
2251,S01737
2252,S01738
2253,S01739
2254,S01740
2255,S01741
2256,S01742
2257,S01743
2258,S01744
2259,S01745
2260,S01746
2261,S01747
2262,S01748
2263,S01749
2264,S01750
2266,S01751
2267,S01752
2268,S01753
2269,S01754
2270,S01755
2271,S01756
2272,S01757
2273,S01758
2274,S01759
2275,S01760
2276,S01761
2277,S01762
2278,S01763
2279,S01764
2280,S01765
2281,S01766
2282,S01767
2283,S01768
2284,S01769
2285,S01770
2286,S01771
2287,S01772
2288,S01773
2289,S01774
2290,S01775
2291,S01776
2292,S01777
2293,S01778
2294,S01779
2295,S01780
2296,S01781
2297,S01782
2298,S01783
2299,S01784
2300,S01785
2301,S01786
2302,S01787
2303,S01788
2305,S01789
2306,S01790
2307,S01791
2308,S01792
2309,S01793
2310,S01794
2311,S01795
2312,S01796
2313,S01797
2314,S01798
2315,S01799
2316,S01800
2317,S01801
2318,S01802
2319,S01803
2320,S01804
2321,S01805
2322,S01806
2323,S01807
2324,S01808
2325,S01809
2326,S01810
2327,S01811
2329,S01812
2330,S01813
2331,S01814
2332,S01815
2333,S01816
2334,S01817
2335,S01818
2336,S01819
2337,S01820
2338,S01821
2339,S01822
2340,S01823
2341,S01824
2342,S01825
2343,S01826
2344,S01827
2345,S01828
2346,S01829
2347,S01830
2348,S01831
2349,S01832
2350,S01833
2351,S01834
2352,S01835
2354,S01836
2355,S01837
2356,S01838
2357,S01839
2358,S01840
2359,S01841
2360,S01842
2362,S01843
2363,S01844
2364,S01845
2365,S01846
2366,S01847
2367,S01848
2368,S01849
2369,S01850
2370,S01851
2371,S01852
2372,S01853
2373,S01854
2374,S01855
2375,S01856
2376,S01857
2377,S01858
2379,S01859
2380,S01860
2381,S01861
2382,S01862
2383,S01863
2384,S01864
2385,S01865
2386,S01866
2387,S01867
2388,S01868
2389,S01869
2390,S01870
2391,S01871
2392,S01872
2393,S01873
2394,S01874
2395,S01875
2396,S01876
2397,S01877
2398,S01878
2399,S01879
2400,S01880
2401,S01881
2402,S01882
2403,S01883
2404,S01884
2405,S01885
2406,S01886
2407,S01887
2408,S01888
2409,S01889
2410,S01890
2411,S01891
2412,S01892
2413,S01893
2414,S01894
2415,S01895
2416,S01896
2417,S01897
2418,S01898
2419,S01899
2420,S01900
2421,S01901
2423,S01902
2424,S01903
2425,S01904
2426,S01905
2427,S01906
2428,S01907
2429,S01908
2430,S01909
2431,S01910
2432,S01911
2433,S01912
2434,S01913
2435,S01914
2436,S01915
2437,S01916
2438,S01917
2439,S01918
2440,S01919
2441,S01920
2442,S01921
2443,S01922
2444,S01923
2445,S01924
2446,S01925
2447,S01926
2448,S01927
2449,S01928
2450,S01929
2451,S01930
2452,S01931
2453,S01932
2454,S01933
2455,S01934
2456,S01935
2457,S01936
2458,S01937
2459,S01938
2460,S01939
2461,S01940
2462,S01941
2463,S01942
2464,S01943
2465,S01944
2466,S01945
2467,S01946
2468,S01947
2469,S01948
2470,S01949
2471,S01950
2472,S01951
2473,S01952
2474,S01953
2475,S01954
2476,S01955
2477,S01956
2478,S01957
2479,S01958
2480,S01959
2481,S01960
2482,S01961
2483,S01962
2484,S01963
2485,S01964
2486,S01965
2487,S01966
2488,S01967
2489,S01968
2490,S01969
2491,S01970
2492,S01971
2493,S01972
2494,S01973
2495,S01974
2496,S01975
2497,S01976
2498,S01977
2499,S01978
2500,S01979
2501,S01980
2502,S01981
2503,S01982
2504,S01983
2505,S01984
2506,S01985
2507,S01986
2508,S01987
2509,S01988
2510,S01989
2511,S01990
2512,S01991
2513,S01992
2514,S01993
2515,S01994
2516,S01995
2517,S01996
2518,S01997
2519,S01998
2520,S01999
2521,S02000
2522,S02001
2523,S02002
2524,S02003
2525,S02004
2526,S02005
2527,S02006
2528,S02007
2529,S02008
2530,S02009
2531,S02010
2532,S02011
2533,S02012
2534,S02013
2535,S02014
2536,S02015
2537,S02016
2538,S02017
2539,S02018
2540,S02019
2541,S02020
2542,S02021
2543,S02022
2544,S02023
2545,S02024
2546,S02025
2547,S02026
2548,S02027
2549,S02028
2550,S02029
2551,S02030
2552,S02031
2553,S02032
2554,S02033
2555,S02034
2556,S02035
2557,S02036
2558,S02037
2560,S02038
2561,S02039
2562,S02040
2563,S02041
2564,S02042
2565,S02043
2566,S02044
2567,S02045
2568,S02046
2569,S02047
2570,S02048
2571,S02049
2572,S02050
2573,S02051
2574,S02052
2575,S02053
2576,S02054
2577,S02055
2578,S02056
2579,S02057
2580,S02058
2581,S02059
2582,S02060
2583,S02061
2584,S02062
2585,S02063
2586,S02064
2587,S02065
2588,S02066
2589,S02067
2590,S02068
2591,S02069
2592,S02070
2593,S02071
2594,S02072
2595,S02073
2596,S02074
2597,S02075
2598,S02076
2599,S02077
2600,S02078
2601,S02079
2602,S02080
2603,S02081
2604,S02082
2605,S02083
2606,S02084
2607,S02085
2608,S02086
2609,S02087
2610,S02088
2611,S02089
2612,S02090
2613,S02091
2614,S02092
2615,S02093
2616,S02094
2617,S02095
2618,S02096
2619,S02097
2620,S02098
2621,S02099
2622,S02100
2623,S02101
2624,S02102
2625,S02103
2626,S02104
2627,S02105
2628,S02106
2629,S02107
2630,S02108
2631,S02109
2632,S02110
2633,S02111
2634,S02112
2635,S02113
2636,S02114
2637,S02115
2638,S02116
2639,S02117
2640,S02118
2641,S02119
2642,S02120
2643,S02121
2644,S02122
2645,S02123
2646,S02124
2647,S02125
2648,S02126
2649,S02127
2650,S02128
2651,S02129
2652,S02130
2653,S02131
2654,S02132
2655,S02133
2656,S02134
2657,S02135
2658,S02136
2659,S02137
2660,S02138
2661,S02139
2662,S02140
2663,S02141
2664,S02142
2665,S02143
2666,S02144
2667,S02145
2668,S02146
2669,S02147
2670,S02148
2671,S02149
2672,S02150
2673,S02151
2674,S02152
2675,S02153
2676,S02154
2677,S02155
2678,S02156
2679,S02157
2680,S02158
2681,S02159
2682,S02160
2683,S02161
2684,S02162
2685,S02163
2686,S02164
2687,S02165
2688,S02166
2689,S02167
2690,S02168
2691,S02169
2692,S02170
2693,S02171
2694,S02172
2695,S02173
2696,S02174
2697,S02175
2698,S02176
2700,S02177
2701,S02178
2702,S02179
2703,S02180
2704,S02181
2705,S02182
2706,S02183
2707,S02184
2708,S02185
2709,S02186
2710,S02187
2711,S02188
2712,S02189
2713,S02190
2714,S02191
2715,S02192
2716,S02193
2717,S02194
2718,S02195
2719,S02196
2720,S02197
2721,S02198
2722,S02199
2723,S02200
2724,S02201
2725,S02202
2726,S02203
2727,S02204
2728,S02205
2729,S02206
2730,S02207
2731,S02208
2732,S02209
2733,S02210
2734,S02211
2735,S02212
2736,S02213
2737,S02214
2738,S02215
2739,S02216
2740,S02217
2741,S02218
2742,S02219
2743,S02220
2744,S02221
2745,S02222
2746,S02223
2747,S02224
2748,S02225
2749,S02226
2750,S02227
2751,S02228
2752,S02229
2753,S02230
2754,S02231
2755,S02232
2756,S02233
2757,S02234
2758,S02235
2759,S02236
2760,S02237
2761,S02238
2762,S02239
2763,S02240
2764,S02241
2765,S02242
2766,S02243
2767,S02244
2768,S02245
2769,S02246
2770,S02247
2771,S02248
2772,S02249
2773,S02250
2774,S02251
2775,S02252
2776,S02253
2777,S02254
2778,S02255
2779,S02256
2780,S02257
2781,S02258
2782,S02259
2784,S02260
2785,S02261
2786,S02262
2787,S02263
2788,S02264
2789,S02265
2790,S02266
2791,S02267
2792,S02268
2793,S02269
2794,S02270
2795,S02271
2796,S02272
2797,S02273
2798,S02274
2800,S02275
2801,S02276
2802,S02277
2803,S02278
2804,S02279
2805,S02280
2806,S02281
2807,S02282
2808,S02283
2809,S02284
2810,S02285
2811,S02286
2812,S02287
2813,S02288
2814,S02289
2815,S02290
2816,S02291
2817,S02292
2818,S02293
2819,S02294
2820,S02295
2821,S02296
2822,S02297
2823,S02298
2824,S02299
2825,S02300
2826,S02301
2827,S02302
2828,S02303
2829,S02304
2831,S02305
2832,S02306
2833,S02307
2834,S02308
2835,S02309
2836,S02310
2837,S02311
2838,S02312
2839,S02313
2840,S02314
2841,S02315
2842,S02316
2843,S02317
2845,S02318
2846,S02319
2847,S02320
2848,S02321
2849,S02322
2850,S02323
2851,S02324
2852,S02325
2853,S02326
2854,S02327
2855,S02328
2856,S02329
2857,S02330
2858,S02331
2859,S02332
2860,S02333
2861,S02334
2862,S02335
2863,S02336
2864,S02337
2865,S02338
2866,S02339
2867,S02340
2868,S02341
2869,S02342
2870,S02343
2871,S02344
2872,S02345
2873,S02346
2874,S02347
2875,S02348
2876,S02349
2877,S02350
2879,S02351
2881,S02352
2882,S02353
2883,S02354
2884,S02355
2885,S02356
2886,S02357
2887,S02358
2888,S02359
2889,S02360
2890,S02361
2891,S02362
2892,S02363
2893,S02364
2894,S02365
2895,S02366
2896,S02367
2897,S02368
2898,S02369
2899,S02370
2901,S02371
2902,S02372
2903,S02373
2904,S02374
2905,S02375
2906,S02376
2907,S02377
2908,S02378
2909,S02379
2910,S02380
2911,S02381
2912,S02382
2914,S02383
2916,S02384
2917,S02385
2918,S02386
2919,S02387
2920,S02388
2921,S02389
2922,S02390
2923,S02391
2924,S02392
2925,S02393
2926,S02394
2927,S02395
2928,S02396
2929,S02397
2930,S02398
2931,S02399
2932,S02400
2933,S02401
2935,S02402
2936,S02403
2937,S02404
2938,S02405
2939,S02406
2940,S02407
2941,S02408
2942,S02409
2943,S02410
2944,S02411
2945,S02412
2946,S02413
2947,S02414
2948,S02415
2949,S02416
2950,S02417
2952,S02418
2953,S02419
2954,S02420
2955,S02421
2956,S02422
2957,S02423
2958,S02424
2959,S02425
2960,S02426
2961,S02427
2962,S02428
2963,S02429
2965,S02430
2966,S02431
2967,S02432
2968,S02433
2969,S02434
2970,S02435
2971,S02436
2972,S02437
2973,S02438
2974,S02439
2975,S02440
2976,S02441
2977,S02442
2979,S02443
2980,S02444
2981,S02445
2982,S02446
2983,S02447
2984,S02448
2985,S02449
2986,S02450
2987,S02451
2988,S02452
2989,S02453
2990,S02454
2991,S02455
2992,S02456
2993,S02457
2994,S02458
2995,S02459
2996,S02460
2997,S02461
2998,S02462
2999,S02463
3000,S02464
3001,S02465
3002,S02466
3003,S02467
3004,S02468
3005,S02469
3006,S02470
3007,S02471
3008,S02472
3009,S02473
3010,S02474
3011,S02475
3012,S02476
3013,S02477
3014,S02478
3015,S02479
3016,S02480
3017,S02481
3018,S02482
3019,S02483
3020,S02484
3021,S02485
3022,S02486
3023,S02487
3024,S02488
3025,S02489
3026,S02490
3027,S02491
3028,S02492
3029,S02493
3030,S02494
3031,S02495
3032,S02496
3033,S02497
3034,S02498
3035,S02499
3036,S02500
3037,S02501
3038,S02502
3039,S02503
3040,S02504
3041,S02505
3043,S02506
3044,S02507
3045,S02508
3046,S02509
3047,S02510
3048,S02511
3049,S02512
3050,S02513
3051,S02514
3052,S02515
3053,S02516
3054,S02517
3055,S02518
3056,S02519
3057,S02520
3058,S02521
3059,S02522
3060,S02523
3061,S02524
3062,S02525
3063,S02526
3064,S02527
3065,S02528
3066,S02529
3067,S02530
3068,S02531
3069,S02532
3070,S02533
3071,S02534
3072,S02535
3073,S02536
3074,S02537
3075,S02538
3076,S02539
3077,S02540
3078,S02541
3079,S02542
3080,S02543
3081,S02544
3082,S02545
3083,S02546
3084,S02547
3085,S02548
3086,S02549
3087,S02550
3088,S02551
3089,S02552
3090,S02553
3092,S02555
3093,S02556
3094,S02557
3095,S02558
3096,S02559
3097,S02560
3098,S02561
3099,S02562
3100,S02563
3101,S02564
3102,S02565
3103,S02566
3104,S02567
3105,S02568
3106,S02569
3107,S02570
3108,S02571
3109,S02572
3110,S02573
3111,S02574
3112,S02575
3113,S02576
3114,S02577
3115,S02578
3116,S02579
3117,S02580
3118,S02581
3119,S02582
3120,S02583
3121,S02584
3122,S02585
3123,S02586
3124,S02587
3125,S02588
3126,S02589
3127,S02590
3128,S02591
3129,S02592
3130,S02593
3131,S02594
3132,S02595
3133,S02596
3134,S02597
3135,S02598
3136,S02599
3137,S02600
3138,S02601
3139,S02602
3140,S02603
3141,S02604
3142,S02605
3143,S02606
3144,S02607
3145,S02608
3146,S02609
3147,S02610
3148,S02611
3149,S02612
3150,S02613
3151,S02614
3152,S02615
3153,S02616
3154,S02617
3155,S02618
3156,S02619
3157,S02620
3158,S02621
3159,S02622
3160,S02623
3161,S02624
3162,S02625
3163,S02626
3164,S02627
3165,S02628
3166,S02629
3167,S02630
3168,S02631
3169,S02632
3170,S02633
3171,S02634
3172,S02635
3173,S02636
3174,S02637
3175,S02638
3176,S02639
3177,S02640
3178,S02641
3179,S02642
3180,S02643
3181,S02644
3182,S02645
3183,S02646
3184,S02647
3185,S02648
3186,S02649
3187,S02650
3188,S02651
3189,S02652
3190,S02653
3191,S02654
3192,S02655
3193,S02656
3194,S02657
3195,S02658
3196,S02659
3197,S02660
3198,S02661
3199,S02662
3200,S02663
3201,S02664
3202,S02665
3203,S02666
3204,S02667
3205,S02668
3206,S02669
3207,S02670
3208,S02671
3209,S02672
3210,S02673
3211,S02674
3212,S02675
3213,S02676
3214,S02677
3215,S02678
3216,S02679
3217,S02680
3218,S02681
3219,S02682
3220,S02683
3221,S02684
3222,S02685
3223,S02686
3224,S02687
3225,S02688
3226,S02689
3227,S02690
3228,S02691
3229,S02692
3230,S02693
3231,S02694
3232,S02695
3233,S02696
3234,S02697
3235,S02698
3236,S02699
3237,S02700
3238,S02701
3239,S02702
3240,S02703
3241,S02704
3242,S02705
3243,S02706
3244,S02707
3246,S02708
3247,S02709
3248,S02710
3249,S02711
3250,S02712
3251,S02713
3252,S02714
3253,S02715
3254,S02716
3255,S02717
3256,S02718
3257,S02719
3258,S02720
3259,S02721
3260,S02722
3261,S02723
3262,S02724
3263,S02725
3264,S02726
3265,S02727
3266,S02728
3267,S02729
3268,S02730
3269,S02731
3270,S02732
3271,S02733
3272,S02734
3273,S02735
3274,S02736
3275,S02737
3276,S02738
3277,S02739
3278,S02740
3279,S02741
3280,S02742
3281,S02743
3282,S02744
3283,S02745
3284,S02746
3285,S02747
3286,S02748
3287,S02749
3288,S02750
3290,S02751
3291,S02752
3292,S02753
3293,S02754
3294,S02755
3295,S02756
3296,S02757
3297,S02758
3298,S02759
3299,S02760
3300,S02761
3301,S02762
3302,S02763
3303,S02764
3304,S02765
3305,S02766
3306,S02767
3307,S02768
3308,S02769
3309,S02770
3310,S02771
3311,S02772
3312,S02773
3313,S02774
3314,S02775
3315,S02776
3316,S02777
3317,S02778
3318,S02779
3320,S02780
3321,S02781
3322,S02782
3323,S02783
3324,S02784
3325,S02785
3326,S02786
3327,S02787
3328,S02788
3329,S02789
3330,S02790
3331,S02791
3332,S02792
3333,S02793
3334,S02794
3335,S02795
3336,S02796
3337,S02797
3338,S02798
3339,S02799
3340,S02800
3341,S02801
3342,S02802
3343,S02803
3344,S02804
3345,S02805
3346,S02806
3347,S02807
3348,S02808
3349,S02809
3350,S02810
3351,S02811
3352,S02812
3353,S02813
3354,S02814
3355,S02815
3356,S02816
3357,S02817
3358,S02818
3359,S02819
3360,S02820
3361,S02821
3362,S02822
3364,S02823
3365,S02824
3366,S02825
3367,S02826
3368,S02827
3369,S02828
3370,S02829
3371,S02830
3372,S02831
3373,S02832
3374,S02833
3375,S02834
3376,S02835
3377,S02836
3378,S02837
3379,S02838
3380,S02839
3381,S02840
3382,S02841
3383,S02842
3384,S02843
3385,S02844
3386,S02845
3387,S02846
3388,S02847
3389,S02848
3390,S02849
3391,S02850
3392,S02851
3393,S02852
3394,S02853
3395,S02854
3396,S02855
3397,S02856
3398,S02857
3399,S02858
3400,S02859
3401,S02860
3402,S02861
3403,S02862
3404,S02863
3405,S02864
3406,S02865
3407,S02866
3408,S02867
3409,S02868
3410,S02869
3411,S02870
3412,S02871
3413,S02872
3414,S02873
3415,S02874
3416,S02875
3417,S02876
3418,S02877
3419,S02878
3420,S02879
3421,S02880
3422,S02881
3423,S02882
3424,S02883
3425,S02884
3426,S02885
3427,S02886
3428,S02887
3429,S02888
3430,S02889
3431,S02890
3432,S02891
3433,S02892
3434,S02893
3435,S02894
3437,S02895
3438,S02896
3439,S02897
3440,S02898
3441,S02899
3442,S02900
3443,S02901
3445,S02902
3446,S02903
3447,S02904
3448,S02905
3449,S02906
3450,S02907
3451,S02908
3452,S02909
3453,S02910
3454,S02911
3455,S02912
3456,S02913
3457,S02914
3458,S02915
3459,S02916
3460,S02917
3461,S02918
3462,S02919
3463,S02920
3464,S02921
3465,S02922
3466,S02923
3467,S02924
3468,S02925
3469,S02926
3470,S02927
3471,S02928
3472,S02929
3473,S02930
3474,S02931
3475,S02932
3476,S02933
3477,S02934
3478,S02935
3479,S02936
3480,S02937
3481,S02938
3482,S02939
3483,S02940
3484,S02941
3485,S02942
3486,S02943
3487,S02944
3488,S02945
3489,S02946
3490,S02947
3491,S02948
3492,S02949
3493,S02950
3494,S02951
3495,S02952
3496,S02953
3497,S02954
3498,S02955
3499,S02956
3500,S02957
3501,S02958
3502,S02959
3503,S02960
3504,S02961
3505,S02962
3506,S02963
3507,S02964
3508,S02965
3509,S02966
3510,S02967
3511,S02968
3512,S02969
3513,S02970
3514,S02971
3515,S02972
3516,S02973
3517,S02974
3518,S02975
3519,S02976
3521,S02977
3522,S02978
3523,S02979
3524,S02980
3525,S02981
3526,S02982
3527,S02983
3528,S02984
3529,S02985
3530,S02986
3531,S02987
3532,S02988
3534,S02989
3535,S02990
3536,S02991
3537,S02992
3538,S02993
3539,S02994
3540,S02995
3541,S02996
3542,S02997
3543,S02998
3544,S02999
3545,S03000
3546,S03001
3547,S03002
3548,S03003
3549,S03004
3550,S03005
3551,S03006
3552,S03007
3553,S03008
3554,S03009
3555,S03010
3556,S03011
3557,S03012
3558,S03013
3559,S03014
3560,S03015
3561,S03016
3562,S03017
3563,S03018
3564,S03019
3565,S03020
3566,S03021
3567,S03022
3568,S03023
3569,S03024
3570,S03025
3571,S03026
3572,S03027
3573,S03028
3574,S03029
3575,S03030
3576,S03031
3577,S03032
3578,S03033
3579,S03034
3580,S03035
3581,S03036
3582,S03037
3583,S03038
3584,S03039
3585,S03040
3586,S03041
3587,S03042
3588,S03043
3589,S03044
3590,S03045
3591,S03046
3592,S03047
3593,S03048
3594,S03049
3595,S03050
3596,S03051
3597,S03052
3598,S03053
3599,S03054
3604,S03055
3605,S03056
3606,S03057
3607,S03058
3608,S03059
3609,S03060
3610,S03061
3611,S03062
3612,S03063
3613,S03064
3614,S03065
3615,S03066
3616,S03067
3617,S03068
3618,S03069
3619,S03070
3620,S03071
3621,S03072
3622,S03073
3623,S03074
3624,S03075
3625,S03076
3626,S03077
3627,S03078
3628,S03079
3629,S03080
3630,S03081
3631,S03082
3632,S03083
3633,S03084
3634,S03085
3635,S03086
3636,S03087
3637,S03088
3638,S03089
3639,S03090
3640,S03091
3641,S03092
3642,S03093
3643,S03094
3644,S03095
3645,S03096
3646,S03097
3647,S03098
3648,S03099
3649,S03100
3650,S03101
3651,S03102
3652,S03103
3653,S03104
3654,S03105
3655,S03106
3656,S03107
3657,S03108
3658,S03109
3659,S03110
3660,S03111
3661,S03112
3662,S03113
3663,S03114
3664,S03115
3665,S03116
3666,S03117
3667,S03118
3668,S03119
3669,S03120
3670,S03121
3671,S03122
3672,S03123
3673,S03124
3674,S03125
3675,S03126
3676,S03127
3677,S03128
3678,S03129
3679,S03130
3680,S03131
3681,S03132
3682,S03133
3683,S03134
3684,S03135
3685,S03136
3686,S03137
3687,S03138
3688,S03139
3689,S03140
3690,S03141
3691,S03142
3692,S03143
3693,S03144
3694,S03145
3695,S03146
3696,S03147
3697,S03148
3698,S03149
3699,S03150
3700,S03151
3701,S03152
3702,S03153
3703,S03154
3704,S03155
3705,S03156
3706,S03157
3707,S03158
3708,S03159
3709,S03160
3710,S03161
3711,S03162
3712,S03163
3713,S03164
3714,S03165
3715,S03166
3716,S03167
3717,S03168
3719,S03169
3720,S03170
3721,S03171
3722,S03172
3723,S03173
3725,S03174
3726,S03175
3727,S03176
3728,S03177
3729,S03178
3730,S03179
3731,S03180
3732,S03181
3733,S03182
3734,S03183
3735,S03184
3736,S03185
3737,S03186
3738,S03187
3740,S03188
3741,S03189
3742,S03190
3743,S03191
3744,S03192
3745,S03193
3746,S03194
3747,S03195
3748,S03196
3749,S03197
3750,S03198
3751,S03199
3752,S03200
3753,S03201
3754,S03202
3755,S03203
3756,S03204
3757,S03205
3759,S03206
3760,S03207
3761,S03208
3762,S03209
3763,S03210
3764,S03211
3765,S03212
3766,S03213
3767,S03214
3768,S03215
3769,S03216
3770,S03217
3771,S03218
3772,S03219
3773,S03220
3774,S03221
3775,S03222
3776,S03223
3777,S03224
3778,S03225
3779,S03226
3780,S03227
3781,S03228
3782,S03229
3784,S03230
3785,S03231
3786,S03232
3787,S03233
3788,S03234
3789,S03235
3790,S03236
3791,S03237
3792,S03238
3793,S03239
3794,S03240
3795,S03241
3796,S03242
3797,S03243
3798,S03244
3799,S03245
3800,S03246
3801,S03247
3802,S03248
3803,S03249
3804,S03250
3805,S03251
3806,S03252
3807,S03253
3808,S03254
3809,S03255
3810,S03256
3811,S03257
3812,S03258
3813,S03259
3814,S03260
3815,S03261
3816,S03262
3817,S03263
3818,S03264
3819,S03265
3820,S03266
3821,S03267
3822,S03268
3823,S03269
3824,S03270
3825,S03271
3826,S03272
3827,S03273
3828,S03274
3829,S03275
3830,S03276
3831,S03277
3832,S03278
3833,S03279
3834,S03280
3835,S03281
3836,S03282
3837,S03283
3838,S03284
3839,S03285
3840,S03286
3841,S03287
3842,S03288
3843,S03289
3844,S03290
3845,S03291
3846,S03292
3847,S03293
3848,S03294
3849,S03295
3850,S03296
3851,S03297
3852,S03298
3853,S03299
3854,S03300
3855,S03301
3856,S03302
3857,S03303
3858,S03304
3859,S03305
3860,S03306
3861,S03307
3862,S03308
3863,S03309
3864,S03310
3865,S03311
3866,S03312
3867,S03313
3868,S03314
3869,S03315
3870,S03316
3871,S03317
3872,S03318
3873,S03319
3874,S03320
3875,S03321
3876,S03322
3877,S03323
3878,S03324
3880,S03325
3881,S03326
3882,S03327
3883,S03328
3884,S03329
3885,S03330
3886,S03331
3887,S03332
3888,S03333
3889,S03334
3890,S03335
3891,S03336
3892,S03337
3893,S03338
3894,S03339
3895,S03340
3896,S03341
3897,S03342
3898,S03343
3899,S03344
3900,S03345
3901,S03346
3902,S03347
3903,S03348
3904,S03349
3905,S03350
3906,S03351
3907,S03352
3908,S03353
3909,S03354
3910,S03355
3911,S03356
3912,S03357
3913,S03358
3914,S03359
3915,S03360
3916,S03361
3917,S03362
3918,S03363
3919,S03364
3920,S03365
3921,S03366
3922,S03367
3923,S03368
3924,S03369
3925,S03370
3926,S03371
3927,S03372
3928,S03373
3929,S03374
3930,S03375
3933,S03376
3935,S03377
3936,S03378
3937,S03379
3938,S03380
3939,S03381
3940,S03382
3941,S03383
3942,S03384
3943,S03385
3944,S03386
3945,S03387
3946,S03388
3947,S03389
3948,S03390
3949,S03391
3950,S03392
3951,S03393
3952,S03394
3953,S03395
3954,S03396
3955,S03397
3956,S03398
3957,S03399
3958,S03400
3959,S03401
3960,S03402
3961,S03403
3962,S03404
3963,S03405
3964,S03406
3965,S03407
3966,S03408
3967,S03409
3968,S03410
3969,S03411
3970,S03412
3971,S03413
3972,S03414
3973,S03415
3974,S03416
3975,S03417
3976,S03418
3977,S03419
3978,S03420
3979,S03421
3980,S03422
3981,S03423
3982,S03424
3983,S03425
3984,S03426
3985,S03427
3986,S03428
3987,S03429
3988,S03430
3989,S03431
3990,S03432
3991,S03433
3992,S03434
3993,S03435
3994,S03436
3995,S03437
3996,S03438
3997,S03439
3998,S03440
3999,S03441
4000,S03442
4001,S03443
4002,S03444
4003,S03445
4004,S03446
4005,S03447
4006,S03448
4007,S03449
4008,S03450
4009,S03451
4010,S03452
4011,S03453
4012,S03454
4013,S03455
4014,S03456
4015,S03457
4016,S03458
4017,S03459
4018,S03460
4019,S03461
4020,S03462
4021,S03463
4022,S03464
4023,S03465
4024,S03466
4025,S03467
4026,S03468
4027,S03469
4028,S03470
4029,S03471
4030,S03472
4031,S03473
4032,S03474
4033,S03475
4034,S03476
4035,S03477
4036,S03478
4037,S03479
4038,S03480
4039,S03481
4040,S03482
4041,S03483
4042,S03484
4043,S03485
4044,S03486
4045,S03487
4046,S03488
4047,S03489
4048,S03490
4049,S03491
4050,S03492
4051,S03493
4052,S03494
4053,S03495
4054,S03496
4055,S03497
4056,S03498
4057,S03499
4058,S03500
4059,S03501
4060,S03502
4061,S03503
4062,S03504
4063,S03505
4064,S03506
4065,S03507
4066,S03508
4067,S03509
4068,S03510
4069,S03511
4070,S03512
4071,S03513
4072,S03514
4073,S03515
4074,S03516
4075,S03517
4076,S03518
4077,S03519
4078,S03520
4079,S03521
4080,S03522
4081,S03523
4082,S03524
4083,S03525
4084,S03526
4085,S03527
4086,S03528
4087,S03529
4088,S03530
4089,S03531
4090,S03532
4091,S03533
4092,S03534
4093,S03535
4094,S03536
4095,S03537
4096,S03538
4097,S03539
4098,S03540
4099,S03541
4100,S03542
4101,S03543
4102,S03544
4103,S03545
4104,S03546
4105,S03547
4106,S03548
4107,S03549
4108,S03550
4109,S03551
4110,S03552
4111,S03553
4112,S03554
4113,S03555
4114,S03556
4115,S03557
4116,S03558
4117,S03559
4118,S03560
4119,S03561
4120,S03562
4121,S03563
4122,S03564
4123,S03565
4124,S03566
4125,S03567
4126,S03568
4127,S03569
4128,S03570
4129,S03571
4130,S03572
4131,S03573
4132,S03574
4133,S03575
4134,S03576
4135,S03577
4136,S03578
4137,S03579
4138,S03580
4139,S03581
4140,S03582
4141,S03583
4142,S03584
4143,S03585
4144,S03586
4145,S03587
4146,S03588
4147,S03589
4148,S03590
4149,S03591
4150,S03592
4151,S03593
4152,S03594
4153,S03595
4154,S03596
4155,S03597
4156,S03598
4157,S03599
4158,S03600
4159,S03601
4160,S03602
4161,S03603
4162,S03604
4163,S03605
4164,S03606
4165,S03607
4166,S03608
4168,S03609
4169,S03610
4170,S03611
4171,S03612
4172,S03613
4173,S03614
4174,S03615
4175,S03616
4176,S03617
4177,S03618
4178,S03619
4179,S03620
4180,S03621
4181,S03622
4182,S03623
4183,S03624
4184,S03625
4185,S03626
4186,S03627
4187,S03628
4188,S03629
4189,S03630
4190,S03631
4191,S03632
4192,S03633
4193,S03634
4194,S03635
4195,S03636
4196,S03637
4197,S03638
4198,S03639
4199,S03640
4200,S03641
4201,S03642
4202,S03643
4203,S03644
4204,S03645
4205,S03646
4206,S03647
4207,S03648
4208,S03649
4209,S03650
4210,S03651
4211,S03652
4212,S03653
4213,S03654
4214,S03655
4215,S03656
4216,S03657
4217,S03658
4218,S03659
4219,S03660
4220,S03661
4221,S03662
4222,S03663
4223,S03664
4224,S03665
4225,S03666
4226,S03667
4227,S03668
4228,S03669
4229,S03670
4230,S03671
4231,S03672
4232,S03673
4233,S03674
4234,S03675
4235,S03676
4236,S03677
4237,S03678
4238,S03679
4239,S03680
4240,S03681
4241,S03682
4242,S03683
4243,S03684
4244,S03685
4245,S03686
4246,S03687
4247,S03688
4248,S03689
4249,S03690
4250,S03691
4251,S03692
4252,S03693
4253,S03694
4254,S03695
4255,S03696
4256,S03697
4257,S03698
4258,S03699
4259,S03700
4260,S03701
4261,S03702
4262,S03703
4263,S03704
4264,S03705
4265,S03706
4266,S03707
4267,S03708
4268,S03709
4269,S03710
4270,S03711
4271,S03712
4272,S03713
4273,S03714
4274,S03715
4275,S03716
4276,S03717
4277,S03718
4279,S03719
4280,S03720
4281,S03721
4282,S03722
4283,S03723
4284,S03724
4285,S03725
4286,S03726
4287,S03727
4288,S03728
4289,S03729
4290,S03730
4291,S03731
4292,S03732
4293,S03733
4294,S03734
4295,S03735
4296,S03736
4297,S03737
4298,S03738
4299,S03739
4300,S03740
4301,S03741
4302,S03742
4303,S03743
4304,S03744
4305,S03745
4306,S03746
4307,S03747
4308,S03748
4309,S03749
4310,S03750
4311,S03751
4312,S03752
4313,S03753
4314,S03754
4315,S03755
4317,S03756
4318,S03757
4319,S03758
4320,S03759
4321,S03760
4322,S03761
4323,S03762
4324,S03763
4325,S03764
4326,S03765
4327,S03766
4328,S03767
4329,S03768
4330,S03769
4331,S03770
4333,S03771
4334,S03772
4335,S03773
4336,S03774
4337,S03775
4339,S03776
4340,S03777
4341,S03778
4342,S03779
4346,S03780
4347,S03781
4348,S03782
4349,S03783
4350,S03784
4351,S03785
4352,S03786
4353,S03787
4354,S03788
4355,S03789
4356,S03790
4357,S03791
4358,S03792
4359,S03793
4360,S03794
4361,S03795
4362,S03796
4363,S03797
4365,S03798
4366,S03799
4367,S03800
4368,S03801
4369,S03802
4370,S03803
4371,S03804
4372,S03805
4373,S03806
4374,S03807
4375,S03808
4376,S03809
4377,S03810
4379,S03811
4380,S03812
4381,S03813
4382,S03814
4383,S03815
4384,S03816
4385,S03817
4386,S03818
4387,S03819
4388,S03820
4389,S03821
4390,S03822
4391,S03823
4392,S03824
4393,S03825
4394,S03826
4395,S03827
4396,S03828
4397,S03829
4398,S03830
4399,S03831
4400,S03832
4401,S03833
4402,S03834
4403,S03835
4404,S03836
4405,S03837
4406,S03838
4407,S03839
4408,S03840
4409,S03841
4410,S03842
4411,S03843
4412,S03844
4413,S03845
4414,S03846
4415,S03847
4416,S03848
4417,S03849
4418,S03850
4419,S03851
4420,S03852
4421,S03853
4422,S03854
4423,S03855
4424,S03856
4425,S03857
4426,S03858
4427,S03859
4428,S03860
4429,S03861
4430,S03862
4431,S03863
4432,S03864
4433,S03865
4434,S03866
4435,S03867
4436,S03868
4437,S03869
4438,S03870
4439,S03871
4440,S03872
4441,S03873
4442,S03874
4443,S03875
4444,S03876
4445,S03877
4446,S03878
4447,S03879
4448,S03880
4449,S03881
4450,S03882
4451,S03883
4452,S03884
4453,S03885
4454,S03886
4455,S03887
4456,S03888
4457,S03889
4458,S03890
4459,S03891
4460,S03892
4461,S03893
4462,S03894
4463,S03895
4464,S03896
4465,S03897
4466,S03898
4467,S03899
4468,S03900
4469,S03901
4470,S03902
4471,S03903
4472,S03904
4473,S03905
4474,S03906
4475,S03907
4476,S03908
4477,S03909
4478,S03910
4479,S03911
4480,S03912
4481,S03913
4482,S03914
4483,S03915
4484,S03916
4485,S03917
4486,S03918
4487,S03919
4488,S03920
4489,S03921
4490,S03922
4491,S03923
4492,S03924
4493,S03925
4494,S03926
4495,S03927
4496,S03928
4497,S03929
4498,S03930
4499,S03931
4500,S03932
4501,S03933
4502,S03934
4503,S03935
4504,S03936
4505,S03937
4506,S03938
4507,S03939
4508,S03940
4509,S03941
4510,S03942
4511,S03943
4512,S03944
4513,S03945
4514,S03946
4515,S03947
4516,S03948
4517,S03949
4518,S03950
4519,S03951
4520,S03952
4521,S03953
4522,S03954
4523,S03955
4524,S03956
4525,S03957
4526,S03958
4527,S03959
4528,S03960
4529,S03961
4530,S03962
4531,S03963
4532,S03964
4533,S03965
4534,S03966
4535,S03967
4536,S03968
4537,S03969
4538,S03970
4539,S03971
4540,S03972
4541,S03973
4542,S03974
4543,S03975
4544,S03976
4545,S03977
4546,S03978
4547,S03979
4548,S03980
4549,S03981
4550,S03982
4551,S03983
4552,S03984
4553,S03985
4554,S03986
4555,S03987
4556,S03988
4557,S03989
4558,S03990
4559,S03991
4560,S03992
4561,S03993
4562,S03994
4563,S03995
4564,S03996
4565,S03997
4566,S03998
4567,S03999
4568,S04000
4569,S04001
4570,S04002
4571,S04003
4572,S04004
4573,S04005
4574,S04006
4575,S04007
4576,S04008
4577,S04009
4578,S04010
4579,S04011
4580,S04012
4581,S04013
4583,S04014
4584,S04015
4585,S04016
4586,S04017
4587,S04018
4588,S04019
4589,S04020
4590,S04021
4591,S04022
4592,S04023
4593,S04024
4594,S04025
4595,S04026
4596,S04027
4597,S04028
4598,S04029
4599,S04030
4600,S04031
4601,S04032
4602,S04033
4603,S04034
4604,S04035
4605,S04036
4606,S04037
4607,S04038
4608,S04039
4609,S04040
4610,S04041
4611,S04042
4612,S04043
4613,S04044
4614,S04045
4615,S04046
4616,S04047
4617,S04048
4618,S04049
4619,S04050
4620,S04051
4621,S04052
4622,S04053
4623,S04054
4624,S04055
4625,S04056
4626,S04057
4627,S04058
4628,S04059
4629,S04060
4630,S04061
4631,S04062
4632,S04063
4633,S04064
4634,S04065
4635,S04066
4636,S04067
4637,S04068
4638,S04069
4639,S04070
4640,S04071
4641,S04072
4642,S04073
4643,S04074
4644,S04075
4645,S04076
4646,S04077
4647,S04078
4648,S04079
4650,S04080
4651,S04081
4652,S04082
4653,S04083
4654,S04084
4655,S04085
4656,S04086
4657,S04087
4658,S04088
4659,S04089
4660,S04090
4661,S04091
4662,S04092
4663,S04093
4664,S04094
4665,S04095
4666,S04096
4667,S04097
4668,S04098
4669,S04099
4670,S04100
4671,S04101
4672,S04102
4673,S04103
4674,S04104
4675,S04105
4676,S04106
4677,S04107
4678,S04108
4679,S04109
4680,S04110
4681,S04111
4682,S04112
4683,S04113
4684,S04114
4685,S04115
4686,S04116
4687,S04117
4688,S04118
4689,S04119
4690,S04120
4691,S04121
4693,S04122
4694,S04123
4695,S04124
4696,S04125
4697,S04126
4698,S04127
4699,S04128
4700,S04129
4701,S04130
4702,S04131
4703,S04132
4704,S04133
4705,S04134
4706,S04135
4707,S04136
4708,S04137
4709,S04138
4710,S04139
4711,S04140
4712,S04141
4713,S04142
4714,S04143
4715,S04144
4716,S04145
4717,S04146
4718,S04147
4719,S04148
4720,S04149
4721,S04150
4722,S04151
4723,S04152
4724,S04153
4725,S04154
4726,S04155
4727,S04156
4728,S04157
4729,S04158
4730,S04159
4731,S04160
4732,S04161
4733,S04162
4734,S04163
4735,S04164
4736,S04165
4737,S04166
4738,S04167
4739,S04168
4740,S04169
4741,S04170
4742,S04171
4743,S04172
4744,S04173
4745,S04174
4746,S04175
4747,S04176
4748,S04177
4749,S04178
4750,S04179
4751,S04180
4752,S04181
4753,S04182
4754,S04183
4755,S04184
4756,S04185
4757,S04186
4758,S04187
4759,S04188
4760,S04189
4761,S04190
4762,S04191
4763,S04192
4764,S04193
4765,S04194
4766,S04195
4767,S04196
4768,S04197
4769,S04198
4770,S04199
4771,S04200
4772,S04201
4773,S04202
4774,S04203
4775,S04204
4776,S04205
4777,S04206
4778,S04207
4779,S04208
4780,S04209
4781,S04210
4782,S04211
4783,S04212
4784,S04213
4785,S04214
4786,S04215
4787,S04216
4788,S04217
4789,S04218
4790,S04219
4791,S04220
4792,S04221
4793,S04222
4794,S04223
4795,S04224
4796,S04225
4797,S04226
4798,S04227
4799,S04228
4800,S04229
4801,S04230
4802,S04231
4803,S04232
4804,S04233
4805,S04234
4806,S04235
4807,S04236
4808,S04237
4809,S04238
4810,S04239
4811,S04240
4812,S04241
4813,S04242
4814,S04243
4815,S04244
4816,S04245
4817,S04246
4818,S04247
4819,S04248
4820,S04249
4821,S04250
4822,S04251
4823,S04252
4824,S04253
4825,S04254
4826,S04255
4827,S04256
4828,S04257
4829,S04258
4830,S04259
4831,S04260
4832,S04261
4833,S04262
4834,S04263
4835,S04264
4836,S04265
4837,S04266
4838,S04267
4839,S04268
4841,S04269
4842,S04270
4843,S04271
4844,S04272
4845,S04273
4846,S04274
4847,S04275
4848,S04276
4849,S04277
4850,S04278
4851,S04279
4852,S04280
4853,S04281
4854,S04282
4855,S04283
4856,S04284
4857,S04285
4858,S04286
4859,S04287
4860,S04288
4861,S04289
4862,S04290
4863,S04291
4864,S04292
4865,S04293
4866,S04294
4867,S04295
4868,S04296
4869,S04297
4870,S04298
4871,S04299
4872,S04300
4873,S04301
4874,S04302
4875,S04303
4876,S04304
4877,S04305
4878,S04306
4879,S04307
4880,S04308
4881,S04309
4882,S04310
4883,S04311
4884,S04312
4885,S04313
4886,S04314
4887,S04315
4888,S04316
4889,S04317
4890,S04318
4891,S04319
4892,S04320
4893,S04321
4894,S04322
4895,S04323
4896,S04324
4897,S04325
4898,S04326
4899,S04327
4900,S04328
4901,S04329
4902,S04330
4903,S04331
4904,S04332
4905,S04333
4906,S04334
4907,S04335
4909,S04336
4910,S04337
4911,S04338
4912,S04339
4913,S04340
4914,S04341
4916,S04342
4917,S04343
4918,S04344
4919,S04345
4920,S04346
4921,S04347
4922,S04348
4923,S04349
4924,S04350
4925,S04351
4926,S04352
4927,S04353
4928,S04354
4929,S04355
4930,S04356
4931,S04357
4932,S04358
4933,S04359
4934,S04360
4935,S04361
4936,S04362
4937,S04363
4938,S04364
4939,S04365
4940,S04366
4941,S04367
4942,S04368
4943,S04369
4944,S04370
4945,S04371
4946,S04372
4947,S04373
4948,S04374
4949,S04375
4950,S04376
4951,S04377
4952,S04378
4953,S04379
4954,S04380
4955,S04381
4956,S04382
4957,S04383
4958,S04384
4959,S04385
4960,S04386
4961,S04387
4962,S04388
4963,S04389
4964,S04390
4965,S04391
4966,S04392
4967,S04393
4968,S04394
4969,S04395
4970,S04396
4971,S04397
4972,S04398
4973,S04399
4974,S04400
4975,S04401
4976,S04402
4977,S04403
4978,S04404
4979,S04405
4980,S04406
4981,S04407
4982,S04408
4983,S04409
4984,S04410
4985,S04411
4986,S04412
4987,S04413
4988,S04414
4989,S04415
4990,S04416
4991,S04417
4992,S04418
4993,S04419
4994,S04420
4995,S04421
4996,S04422
4997,S04423
4998,S04424
4999,S04425
5000,S04426
5001,S04427
5002,S04428
5003,S04429
5004,S04430
5005,S04431
5006,S04432
5007,S04433
5008,S04434
5009,S04435
5010,S04436
5011,S04437
5012,S04438
5013,S04439
5014,S04440
5015,S04441
5016,S04442
5017,S04443
5018,S04444
5019,S04445
5020,S04446
5021,S04447
5022,S04448
5023,S04449
5024,S04450
5025,S04451
5026,S04452
5027,S04453
5028,S04454
5029,S04455
5030,S04456
5031,S04457
5032,S04458
5033,S04459
5034,S04460
5035,S04461
5036,S04462
5037,S04463
5038,S04464
5039,S04465
5040,S04466
5041,S04467
5042,S04468
5043,S04469
5044,S04470
5045,S04471
5046,S04472
5047,S04473
5048,S04474
5049,S04475
5050,S04476
5051,S04477
5052,S04478
5053,S04479
5054,S04480
5055,S04481
5056,S04482
5057,S04483
5058,S04484
5059,S04485
5060,S04486
5061,S04487
5062,S04488
5063,S04489
5064,S04490
5065,S04491
5066,S04492
5067,S04493
5068,S04494
5069,S04495
5070,S04496
5071,S04497
5072,S04498
5073,S04499
5074,S04500
5075,S04501
5076,S04502
5077,S04503
5078,S04504
5079,S04505
5080,S04506
5081,S04507
5082,S04508
5083,S04509
5084,S04510
5085,S04511
5086,S04512
5087,S04513
5088,S04514
5089,S04515
5090,S04516
5091,S04517
5092,S04518
5093,S04519
5094,S04520
5095,S04521
5096,S04522
5097,S04523
5098,S04524
5099,S04525
5100,S04526
5101,S04527
5102,S04528
5103,S04529
5104,S04530
5105,S04531
5106,S04532
5107,S04533
5108,S04534
5109,S04535
5110,S04536
5111,S04537
5112,S04538
5113,S04539
5114,S04540
5115,S04541
5116,S04542
5117,S04543
5118,S04544
5119,S04545
5120,S04546
5121,S04547
5122,S04548
5123,S04549
5124,S04550
5125,S04551
5126,S04552
5127,S04553
5128,S04554
5129,S04555
5130,S04556
5131,S04557
5132,S04558
5133,S04559
5134,S04560
5135,S04561
5136,S04562
5137,S04563
5138,S04564
5139,S04565
5140,S04566
5141,S04567
5142,S04568
5143,S04569
5144,S04570
5145,S04571
5146,S04572
5147,S04573
5148,S04574
5149,S04575
5150,S04576
5151,S04577
5152,S04578
5153,S04579
5154,S04580
5155,S04581
5156,S04582
5157,S04583
5158,S04584
5159,S04585
5160,S04586
5161,S04587
5162,S04588
5163,S04589
5164,S04590
5165,S04591
5166,S04592
5167,S04593
5168,S04594
5169,S04595
5170,S04596
5171,S04597
5172,S04598
5173,S04599
5174,S04600
5175,S04601
5176,S04602
5177,S04603
5178,S04604
5179,S04605
5180,S04606
5181,S04607
5182,S04608
5183,S04609
5184,S04610
5185,S04611
5186,S04612
5187,S04613
5188,S04614
5189,S04615
5190,S04616
5191,S04617
5192,S04618
5193,S04619
5194,S04620
5195,S04621
5196,S04622
5197,S04623
5198,S04624
5199,S04625
5200,S04626
5201,S04627
5202,S04628
5203,S04629
5205,S04630
5206,S04631
5207,S04632
5208,S04633
5209,S04634
5210,S04635
5211,S04636
5212,S04637
5213,S04638
5214,S04639
5215,S04640
5216,S04641
5217,S04642
5218,S04643
5219,S04644
5220,S04645
5221,S04646
5222,S04647
5223,S04648
5224,S04649
5225,S04650
5226,S04651
5227,S04652
5228,S04653
5229,S04654
5230,S04655
5231,S04656
5232,S04657
5233,S04658
5234,S04659
5235,S04660
5236,S04661
5237,S04662
5238,S04663
5239,S04664
5240,S04665
5241,S04666
5242,S04667
5243,S04668
5244,S04669
5245,S04670
5246,S04671
5247,S04672
5248,S04673
5249,S04674
5250,S04675
5251,S04676
5252,S04677
5253,S04678
5254,S04679
5255,S04680
5256,S04681
5257,S04682
5258,S04683
5259,S04684
5260,S04685
5261,S04686
5262,S04687
5263,S04688
5264,S04689
5265,S04690
5266,S04691
5267,S04692
5268,S04693
5269,S04694
5270,S04695
5271,S04696
5272,S04697
5273,S04698
5274,S04699
5275,S04700
5276,S04701
5277,S04702
5278,S04703
5279,S04704
5280,S04705
5281,S04706
5282,S04707
5283,S04708
5284,S04709
5285,S04710
5286,S04711
5287,S04712
5288,S04713
5289,S04714
5290,S04715
5291,S04716
5292,S04717
5293,S04718
5294,S04719
5295,S04720
5296,S04721
5297,S04722
5298,S04723
5299,S04724
5300,S04725
5301,S04726
5302,S04727
5303,S04728
5304,S04729
5305,S04730
5306,S04731
5307,S04732
5308,S04733
5309,S04734
5310,S04735
5311,S04736
5312,S04737
5313,S04738
5315,S04739
5316,S04740
5317,S04741
5318,S04742
5319,S04743
5320,S04744
5321,S04745
5322,S04746
5323,S04747
5324,S04748
5325,S04749
5326,S04750
5327,S04751
5328,S04752
5329,S04753
5330,S04754
5331,S04755
5332,S04756
5333,S04757
5334,S04758
5335,S04759
5336,S04760
5337,S04761
5338,S04762
5339,S04763
5340,S04764
5341,S04765
5342,S04766
5343,S04767
5344,S04768
5345,S04769
5346,S04770
5347,S04771
5348,S04772
5349,S04773
5350,S04774
5351,S04775
5352,S04776
5353,S04777
5354,S04778
5355,S04779
5356,S04780
5357,S04781
5358,S04782
5359,S04783
5360,S04784
5361,S04785
5362,S04786
5363,S04787
5364,S04788
5365,S04789
5366,S04790
5367,S04791
5368,S04792
5369,S04793
5370,S04794
5371,S04795
5372,S04796
5373,S04797
5374,S04798
5375,S04799
5376,S04800
5377,S04801
5378,S04802
5379,S04803
5380,S04804
5381,S04805
5382,S04806
5383,S04807
5384,S04808
5385,S04809
5386,S04810
5387,S04811
5388,S04812
5389,S04813
5390,S04814
5391,S04815
5392,S04816
5393,S04817
5394,S04818
5395,S04819
5396,S04820
5397,S04821
5398,S04822
5399,S04823
5400,S04824
5401,S04825
5402,S04826
5403,S04827
5404,S04828
5405,S04829
5406,S04830
5407,S04831
5408,S04832
5409,S04833
5410,S04834
5411,S04835
5412,S04836
5413,S04837
5414,S04838
5415,S04839
5416,S04840
5417,S04841
5418,S04842
5419,S04843
5420,S04844
5421,S04845
5422,S04846
5423,S04847
5424,S04848
5425,S04849
5426,S04850
5427,S04851
5428,S04852
5429,S04853
5430,S04854
5431,S04855
5432,S04856
5434,S04857
5435,S04858
5436,S04859
5437,S04860
5438,S04861
5439,S04862
5440,S04863
5441,S04864
5442,S04865
5443,S04866
5444,S04867
5445,S04868
5447,S04869
5448,S04870
5449,S04871
5450,S04872
5451,S04873
5452,S04874
5454,S04875
5455,S04876
5456,S04877
5457,S04878
5458,S04879
5459,S04880
5461,S04881
5463,S04882
5464,S04883
5465,S04884
5466,S04885
5467,S04886
5468,S04887
5469,S04888
5470,S04889
5472,S04890
5473,S04891
5474,S04892
5475,S04893
5476,S04894
5477,S04895
5478,S04896
5479,S04897
5480,S04898
5481,S04899
5482,S04900
5483,S04901
5484,S04902
5485,S04903
5486,S04904
5487,S04905
5488,S04906
5489,S04907
5490,S04908
5491,S04909
5492,S04910
5493,S04911
5494,S04912
5495,S04913
5496,S04914
5497,S04915
5498,S04916
5499,S04917
5500,S04918
5501,S04919
5502,S04920
5503,S04921
5504,S04922
5505,S04923
5506,S04924
5507,S04925
5508,S04926
5509,S04927
5510,S04928
5511,S04929
5512,S04930
5513,S04931
5514,S04932
5515,S04933
5516,S04934
5517,S04935
5518,S04936
5519,S04937
5520,S04938
5521,S04939
5522,S04940
5523,S04941
5525,S04942
5526,S04943
5527,S04944
5528,S04945
5529,S04946
5530,S04947
5531,S04948
5532,S04949
5533,S04950
5534,S04951
5535,S04952
5536,S04953
5537,S04954
5538,S04955
5539,S04956
5540,S04957
5541,S04958
5542,S04959
5543,S04960
5544,S04961
5546,S04962
5547,S04963
5548,S04964
5549,S04965
5550,S04966
5551,S04967
5552,S04968
5553,S04969
5554,S04970
5555,S04971
5556,S04972
5557,S04973
5558,S04974
5559,S04975
5560,S04976
5561,S04977
5562,S04978
5563,S04979
5564,S04980
5565,S04981
5566,S04982
5567,S04983
5568,S04984
5569,S04985
5570,S04986
5571,S04987
5572,S04988
5573,S04989
5574,S04990
5575,S04991
5576,S04992
5577,S04993
5578,S04994
5579,S04995
5580,S04996
5581,S04997
5582,S04998
5583,S04999
5584,S05000
5585,S05001
5586,S05002
5587,S05003
5588,S05004
5589,S05005
5590,S05006
5591,S05007
5592,S05008
5593,S05009
5594,S05010
5595,S05011
5596,S05012
5597,S05013
5598,S05014
5599,S05015
5600,S05016
5601,S05017
5602,S05018
5603,S05019
5604,S05020
5605,S05021
5606,S05022
5607,S05023
5608,S05024
5609,S05025
5610,S05026
5611,S05027
5612,S05028
5613,S05029
5614,S05030
5615,S05031
5616,S05032
5617,S05033
5618,S05034
5619,S05035
5620,S05036
5621,S05037
5622,S05038
5623,S05039
5624,S05040
5625,S05041
5626,S05042
5627,S05043
5628,S05044
5629,S05045
5630,S05046
5631,S05047
5632,S05048
5633,S05049
5634,S05050
5635,S05051
5636,S05052
5637,S05053
5638,S05054
5639,S05055
5640,S05056
5641,S05057
5642,S05058
5643,S05059
5644,S05060
5645,S05061
5646,S05062
5647,S05063
5648,S05064
5649,S05065
5650,S05066
5651,S05067
5652,S05068
5653,S05069
5654,S05070
5655,S05071
5656,S05072
5657,S05073
5658,S05074
5659,S05075
5660,S05076
5661,S05077
5662,S05078
5663,S05079
5664,S05080
5665,S05081
5666,S05082
5667,S05083
5668,S05084
5669,S05085
5670,S05086
5671,S05087
5672,S05088
5673,S05089
5674,S05090
5675,S05091
5676,S05092
5677,S05093
5678,S05094
5679,S05095
5680,S05096
5681,S05097
5682,S05098
5683,S05099
5684,S05100
5685,S05101
5686,S05102
5687,S05103
5688,S05104
5689,S05105
5690,S05106
5691,S05107
5692,S05108
5693,S05109
5694,S05110
5695,S05111
5696,S05112
5697,S05113
5698,S05114
5699,S05115
5700,S05116
5701,S05117
5702,S05118
5703,S05119
5704,S05120
5705,S05121
5706,S05122
5707,S05123
5708,S05124
5709,S05125
5710,S05126
5711,S05127
5712,S05128
5713,S05129
5714,S05130
5715,S05131
5716,S05132
5717,S05133
5718,S05134
5719,S05135
5720,S05136
5721,S05137
5722,S05138
5723,S05139
5724,S05140
5725,S05141
5726,S05142
5727,S05143
5728,S05144
5729,S05145
5730,S05146
5731,S05147
5732,S05148
5733,S05149
5734,S05150
5735,S05151
5736,S05152
5737,S05153
5738,S05154
5739,S05155
5740,S05156
5741,S05157
5742,S05158
5743,S05159
5744,S05160
5745,S05161
5746,S05162
5747,S05163
5748,S05164
5749,S05165
5750,S05166
5751,S05167
5752,S05168
5753,S05169
5754,S05170
5755,S05171
5756,S05172
5757,S05173
5758,S05174
5759,S05175
5760,S05176
5761,S05177
5762,S05178
5763,S05179
5764,S05180
5765,S05181
5766,S05182
5767,S05183
5768,S05184
5769,S05185
5770,S05186
5771,S05187
5772,S05188
5773,S05189
5774,S05190
5775,S05191
5776,S05192
5777,S05193
5778,S05194
5779,S05195
5780,S05196
5781,S05197
5782,S05198
5783,S05199
5784,S05200
5785,S05201
5786,S05202
5787,S05203
5788,S05204
5789,S05205
5790,S05206
5791,S05207
5792,S05208
5793,S05209
5794,S05210
5795,S05211
5796,S05212
5797,S05213
5798,S05214
5799,S05215
5800,S05216
5801,S05217
5802,S05218
5803,S05219
5804,S05220
5805,S05221
5806,S05222
5807,S05223
5808,S05224
5809,S05225
5810,S05226
5811,S05227
5812,S05228
5813,S05229
5814,S05230
5815,S05231
5816,S05232
5817,S05233
5818,S05234
5819,S05235
5820,S05236
5821,S05237
5822,S05238
5823,S05239
5824,S05240
5825,S05241
5826,S05242
5827,S05243
5828,S05244
5829,S05245
5830,S05246
5831,S05247
5832,S05248
5833,S05249
5835,S05250
5836,S05251
5837,S05252
5838,S05253
5839,S05254
5840,S05255
5841,S05256
5842,S05257
5843,S05258
5844,S05259
5845,S05260
5846,S05261
5847,S05262
5848,S05263
5849,S05264
5850,S05265
5851,S05266
5852,S05267
5853,S05268
5854,S05269
5855,S05270
5856,S05271
5857,S05272
5858,S05273
5859,S05274
5860,S05275
5861,S05276
5862,S05277
5863,S05278
5864,S05279
5865,S05280
5866,S05281
5867,S05282
5868,S05283
5869,S05284
5870,S05285
5871,S05286
5872,S05287
5873,S05288
5874,S05289
5875,S05290
5876,S05291
5877,S05292
5878,S05293
5879,S05294
5880,S05295
5881,S05296
5882,S05297
5883,S05298
5884,S05299
5885,S05300
5886,S05301
5887,S05302
5888,S05303
5889,S05304
5890,S05305
5891,S05306
5892,S05307
5893,S05308
5894,S05309
5895,S05310
5896,S05311
5897,S05312
5898,S05313
5899,S05314
5900,S05315
5901,S05316
5902,S05317
5903,S05318
5904,S05319
5905,S05320
5906,S05321
5907,S05322
5908,S05323
5909,S05324
5910,S05325
5911,S05326
5912,S05327
5913,S05328
5914,S05329
5915,S05330
5916,S05331
5917,S05332
5918,S05333
5919,S05334
5920,S05335
5921,S05336
5922,S05337
5923,S05338
5924,S05339
5925,S05340
5926,S05341
5927,S05342
5928,S05343
5929,S05344
5930,S05345
5931,S05346
5932,S05347
5933,S05348
5934,S05349
5935,S05350
5936,S05351
5937,S05352
5938,S05353
5939,S05354
5940,S05355
5941,S05356
5942,S05357
5943,S05358
5944,S05359
5945,S05360
5946,S05361
5947,S05362
5948,S05363
5949,S05364
5950,S05365
5952,S05366
5953,S05367
5954,S05368
5955,S05369
5956,S05370
5957,S05371
5958,S05372
5959,S05373
5960,S05374
5961,S05375
5962,S05376
5963,S05377
5964,S05378
5965,S05379
5966,S05380
5967,S05381
5968,S05382
5969,S05383
5970,S05384
5971,S05385
5972,S05386
5973,S05387
5974,S05388
5975,S05389
5976,S05390
5977,S05391
5978,S05392
5979,S05393
5980,S05394
5981,S05395
5982,S05396
5983,S05397
5984,S05398
5985,S05399
5986,S05400
5987,S05401
5988,S05402
5989,S05403
5990,S05404
5991,S05405
5992,S05406
5993,S05407
5994,S05408
5995,S05409
5996,S05410
5997,S05411
5998,S05412
5999,S05413
6000,S05414
6001,S05415
6002,S05416
6003,S05417
6004,S05418
6005,S05419
6006,S05420
6007,S05421
6008,S05422
6009,S05423
6010,S05424
6011,S05425
6012,S05426
6013,S05427
6014,S05428
6015,S05429
6016,S05430
6017,S05431
6018,S05432
6019,S05433
6020,S05434
6021,S05435
6022,S05436
6023,S05437
6024,S05438
6025,S05439
6026,S05440
6027,S05441
6028,S05442
6030,S05443
6031,S05444
6032,S05445
6033,S05446
6034,S05447
6035,S05448
6036,S05449
6037,S05450
6038,S05451
6039,S05452
6040,S05453
6041,S05454
6042,S05455
6043,S05456
6044,S05457
6045,S05458
6046,S05459
6047,S05460
6048,S05461
6049,S05462
6050,S05463
6051,S05464
6052,S05465
6053,S05466
6054,S05467
6055,S05468
6056,S05469
6057,S05470
6058,S05471
6059,S05472
6060,S05473
6061,S05474
6062,S05475
6063,S05476
6064,S05477
6065,S05478
6066,S05479
6067,S05480
6068,S05481
6069,S05482
6070,S05483
6071,S05484
6072,S05485
6073,S05486
6074,S05487
6075,S05488
6076,S05489
6077,S05490
6078,S05491
6079,S05492
6080,S05493
6081,S05494
6082,S05495
6083,S05496
6084,S05497
6085,S05498
6086,S05499
6087,S05500
6088,S05501
6089,S05502
6090,S05503
6091,S05504
6092,S05505
6093,S05506
6094,S05507
6095,S05508
6096,S05509
6097,S05510
6098,S05511
6099,S05512
6100,S05513
6101,S05514
6102,S05515
6103,S05516
6104,S05517
6105,S05518
6106,S05519
6107,S05520
6108,S05521
6109,S05522
6110,S05523
6111,S05524
6112,S05525
6113,S05526
6114,S05527
6115,S05528
6116,S05529
6117,S05530
6118,S05531
6119,S05532
6120,S05533
6121,S05534
6122,S05535
6123,S05536
6124,S05537
6125,S05538
6126,S05539
6127,S05540
6128,S05541
6129,S05542
6130,S05543
6131,S05544
6132,S05545
6133,S05546
6134,S05547
6135,S05548
6136,S05549
6137,S05550
6138,S05551
6139,S05552
6140,S05553
6141,S05554
6142,S05555
6143,S05556
6144,S05557
6145,S05558
6146,S05559
6147,S05560
6148,S05561
6149,S05562
6150,S05563
6151,S05564
6152,S05565
6153,S05566
6154,S05567
6155,S05568
6156,S05569
6157,S05570
6158,S05571
6159,S05572
6160,S05573
6161,S05574
6162,S05575
6163,S05576
6164,S05577
6165,S05578
6166,S05579
6167,S05580
6168,S05581
6169,S05582
6170,S05583
6171,S05584
6172,S05585
6173,S05586
6174,S05587
6175,S05588
6176,S05589
6177,S05590
6178,S05591
6179,S05592
6180,S05593
6181,S05594
6182,S05595
6183,S05596
6184,S05597
6185,S05598
6186,S05599
6187,S05600
6188,S05601
6189,S05602
6190,S05603
6191,S05604
6192,S05605
6193,S05606
6194,S05607
6195,S05608
6196,S05609
6197,S05610
6198,S05611
6199,S05612
6200,S05613
6201,S05614
6202,S05615
6203,S05616
6204,S05617
6205,S05618
6206,S05619
6207,S05620
6208,S05621
6209,S05622
6210,S05623
6211,S05624
6212,S05625
6213,S05626
6214,S05627
6215,S05628
6216,S05629
6217,S05630
6218,S05631
6219,S05632
6220,S05633
6221,S05634
6222,S05635
6223,S05636
6224,S05637
6225,S05638
6226,S05639
6227,S05640
6228,S05641
6229,S05642
6230,S05643
6231,S05644
6232,S05645
6233,S05646
6234,S05647
6235,S05648
6236,S05649
6237,S05650
6238,S05651
6239,S05652
6240,S05653
6241,S05654
6242,S05655
6243,S05656
6244,S05657
6245,S05658
6246,S05659
6247,S05660
6248,S05661
6249,S05662
6250,S05663
6251,S05664
6252,S05665
6253,S05666
6254,S05667
6255,S05668
6256,S05669
6257,S05670
6258,S05671
6259,S05672
6260,S05673
6261,S05674
6262,S05675
6263,S05676
6264,S05677
6265,S05678
6266,S05679
6267,S05680
6268,S05681
6269,S05682
6270,S05683
6271,S05684
6272,S05685
6273,S05686
6274,S05687
6275,S05688
6276,S05689
6277,S05690
6278,S05691
6279,S05692
6280,S05693
6281,S05694
6282,S05695
6283,S05696
6284,S05697
6285,S05698
6286,S05699
6287,S05700
6288,S05701
6289,S05702
6290,S05703
6291,S05704
6292,S05705
6293,S05706
6294,S05707
6295,S05708
6296,S05709
6297,S05710
6298,S05711
6299,S05712
6300,S05713
6301,S05714
6302,S05715
6303,S05716
6304,S05717
6305,S05718
6306,S05719
6307,S05720
6308,S05721
6309,S05722
6310,S05723
6311,S05724
6312,S05725
6313,S05726
6314,S05727
6315,S05728
6316,S05729
6317,S05730
6318,S05731
6319,S05732
6320,S05733
6321,S05734
6322,S05735
6323,S05736
6324,S05737
6325,S05738
6326,S05739
6327,S05740
6328,S05741
6329,S05742
6330,S05743
6332,S05744
6333,S05745
6334,S05746
6335,S05747
6336,S05748
6337,S05749
6338,S05750
6339,S05751
6340,S05752
6341,S05753
6342,S05754
6343,S05755
6344,S05756
6345,S05757
6346,S05758
6347,S05759
6348,S05760
6349,S05761
6350,S05762
6351,S05763
6352,S05764
6353,S05765
6354,S05766
6355,S05767
6356,S05768
6357,S05769
6358,S05770
6359,S05771
6360,S05772
6361,S05773
6362,S05774
6363,S05775
6364,S05776
6365,S05777
6366,S05778
6367,S05779
6368,S05780
6369,S05781
6370,S05782
6371,S05783
6372,S05784
6374,S05785
6375,S05786
6376,S05787
6377,S05788
6378,S05789
6379,S05790
6380,S05791
6381,S05792
6382,S05793
6383,S05794
6384,S05795
6385,S05796
6386,S05797
6387,S05798
6388,S05799
6389,S05800
6390,S05801
6391,S05802
6392,S05803
6393,S05804
6394,S05805
6395,S05806
6396,S05807
6397,S05808
6398,S05809
6399,S05810
6400,S05811
6401,S05812
6402,S05813
6403,S05814
6404,S05815
6405,S05816
6406,S05817
6407,S05818
6408,S05819
6409,S05820
6410,S05821
6411,S05822
6412,S05823
6413,S05824
6414,S05825
6415,S05826
6416,S05827
6417,S05828
6418,S05829
6419,S05830
6420,S05831
6421,S05832
6422,S05833
6423,S05834
6424,S05835
6425,S05836
6426,S05837
6427,S05838
6428,S05839
6429,S05840
6430,S05841
6432,S05842
6433,S05843
6434,S05844
6435,S05845
6436,S05846
6437,S05847
6438,S05848
6439,S05849
6440,S05850
6441,S05851
6442,S05852
6443,S05853
6444,S05854
6445,S05855
6446,S05856
6447,S05857
6448,S05858
6449,S05859
6450,S05860
6451,S05861
6452,S05862
6453,S05863
6454,S05864
6455,S05865
6456,S05866
6457,S05867
6458,S05868
6459,S05869
6460,S05870
6461,S05871
6462,S05872
6463,S05873
6464,S05874
6465,S05875
6466,S05876
6467,S05877
6468,S05878
6469,S05879
6470,S05880
6471,S05881
6472,S05882
6473,S05883
6474,S05884
6475,S05885
6476,S05886
6477,S05887
6478,S05888
6479,S05889
6480,S05890
6481,S05891
6482,S05892
6483,S05893
6484,S05894
6485,S05895
6486,S05896
6487,S05897
6488,S05898
6489,S05899
6490,S05900
6491,S05901
6492,S05902
6493,S05903
6494,S05904
6495,S05905
6496,S05906
6497,S05907
6498,S05908
6499,S05909
6500,S05910
6501,S05911
6502,S05912
6503,S05913
6504,S05914
6505,S05915
6506,S05916
6507,S05917
6508,S05918
6509,S05919
6510,S05920
6511,S05921
6512,S05922
6513,S05923
6514,S05924
6515,S05925
6516,S05926
6517,S05927
6518,S05928
6519,S05929
6520,S05930
6521,S05931
6522,S05932
6523,S05933
6524,S05934
6525,S05935
6526,S05936
6527,S05937
6528,S05938
6529,S05939
6530,S05940
6531,S05941
6532,S05942
6533,S05943
6534,S05944
6535,S05945
6536,S05946
6537,S05947
6538,S05948
6539,S05949
6540,S05950
6541,S05951
6542,S05952
6543,S05953
6544,S05954
6545,S05955
6546,S05956
6547,S05957
6548,S05958
6549,S05959
6550,S05960
6551,S05961
6552,S05962
6553,S05963
6554,S05964
6555,S05965
6556,S05966
6557,S05967
6558,S05968
6559,S05969
6560,S05970
6561,S05971
6562,S05972
6563,S05973
6564,S05974
6565,S05975
6566,S05976
6567,S05977
6568,S05978
6569,S05979
6570,S05980
6571,S05981
6572,S05982
6573,S05983
6574,S05984
6575,S05985
6576,S05986
6577,S05987
6579,S05988
6580,S05989
6581,S05990
6582,S05991
6583,S05992
6584,S05993
6585,S05994
6586,S05995
6587,S05996
6588,S05997
6589,S05998
6590,S05999
6591,S06000
6592,S06001
6593,S06002
6594,S06003
6595,S06004
6596,S06005
6597,S06006
6598,S06007
6599,S06008
6600,S06009
6601,S06010
6602,S06011
6603,S06012
6604,S06013
6605,S06014
6606,S06015
6607,S06016
6608,S06017
6609,S06018
6610,S06019
6611,S06020
6612,S06021
6613,S06022
6614,S06023
6615,S06024
6616,S06025
6617,S06026
6618,S06027
6619,S06028
6621,S06029
6622,S06030
6623,S06031
6624,S06032
6625,S06033
6626,S06034
6628,S06035
6629,S06036
6630,S06037
6631,S06038
6632,S06039
6633,S06040
6634,S06041
6635,S06042
6637,S06043
6638,S06044
6639,S06045
6640,S06046
6641,S06047
6642,S06048
6643,S06049
6646,S06050
6647,S06051
6648,S06052
6650,S06053
6651,S06054
6652,S06055
6653,S06056
6654,S06057
6655,S06058
6656,S06059
6657,S06060
6658,S06061
6659,S06062
6660,S06063
6661,S06064
6662,S06065
6663,S06066
6664,S06067
6666,S06068
6667,S06069
6668,S06070
6669,S06071
6670,S06072
6671,S06073
6672,S06074
6673,S06075
6674,S06076
6675,S06077
6676,S06078
6677,S06079
6678,S06080
6679,S06081
6680,S06082
6681,S06083
6682,S06084
6683,S06085
6684,S06086
6685,S06087
6686,S06088
6687,S06089
6688,S06090
6689,S06091
6690,S06092
6691,S06093
6692,S06094
6693,S06095
6694,S06096
6695,S06097
6696,S06098
6697,S06099
6698,S06100
6699,S06101
6700,S06102
6701,S06103
6702,S06104
6703,S06105
6704,S06106
6705,S06107
6706,S06108
6707,S06109
6708,S06110
6709,S06111
6710,S06112
6711,S06113
6712,S06114
6713,S06115
6714,S06116
6715,S06117
6716,S06118
6717,S06119
6718,S06120
6719,S06121
6720,S06122
6721,S06123
6722,S06124
6723,S06125
6724,S06126
6725,S06127
6726,S06128
6727,S06129
6728,S06130
6729,S06131
6730,S06132
6731,S06133
6732,S06134
6733,S06135
6734,S06136
6735,S06137
6736,S06138
6737,S06139
6738,S06140
6739,S06141
6740,S06142
6741,S06143
6742,S06144
6743,S06145
6744,S06146
6745,S06147
6746,S06148
6747,S06149
6748,S06150
6749,S06151
6750,S06152
6751,S06153
6752,S06154
6753,S06155
6754,S06156
6755,S06157
6756,S06158
6757,S06159
6758,S06160
6759,S06161
6760,S06162
6761,S06163
6762,S06164
6763,S06165
6764,S06166
6765,S06167
6766,S06168
6767,S06169
6768,S06170
6769,S06171
6770,S06172
6771,S06173
6772,S06174
6773,S06175
6774,S06176
6775,S06177
6776,S06178
6777,S06179
6778,S06180
6779,S06181
6780,S06182
6781,S06183
6782,S06184
6783,S06185
6784,S06186
6785,S06187
6786,S06188
6787,S06189
6788,S06190
6789,S06191
6790,S06192
6791,S06193
6792,S06194
6793,S06195
6794,S06196
6795,S06197
6796,S06198
6797,S06199
6798,S06200
6799,S06201
6800,S06202
6801,S06203
6802,S06204
6803,S06205
6804,S06206
6805,S06207
6806,S06208
6807,S06209
6808,S06210
6809,S06211
6810,S06212
6811,S06213
6812,S06214
6813,S06215
6814,S06216
6815,S06217
6816,S06218
6817,S06219
6818,S06220
6819,S06221
6820,S06222
6821,S06223
6822,S06224
6823,S06225
6824,S06226
6825,S06227
6826,S06228
6827,S06229
6828,S06230
6829,S06231
6830,S06232
6831,S06233
6832,S06234
6833,S06235
6834,S06236
6835,S06237
6836,S06238
6837,S06239
6838,S06240
6839,S06241
6840,S06242
6841,S06243
6842,S06244
6843,S06245
6844,S06246
6845,S06247
6846,S06248
6847,S06249
6848,S06250
6849,S06251
6850,S06252
6851,S06253
6852,S06254
6853,S06255
6854,S06256
6855,S06257
6856,S06258
6857,S06259
6858,S06260
6859,S06261
6860,S06262
6861,S06263
6862,S06264
6863,S06265
6864,S06266
6865,S06267
6866,S06268
6868,S06269
6869,S06270
6870,S06271
6871,S06272
6872,S06273
6873,S06274
6874,S06275
6875,S06276
6876,S06277
6877,S06278
6878,S06279
6879,S06280
6880,S06281
6881,S06282
6882,S06283
6883,S06284
6884,S06285
6885,S06286
6886,S06287
6887,S06288
6888,S06289
6889,S06290
6890,S06291
6891,S06292
6892,S06293
6893,S06294
6894,S06295
6895,S06296
6896,S06297
6897,S06298
6898,S06299
6899,S06300
6900,S06301
6901,S06302
6902,S06303
6903,S06304
6904,S06305
6905,S06306
6906,S06307
6907,S06308
6908,S06309
6909,S06310
6910,S06311
6911,S06312
6912,S06313
6913,S06314
6914,S06315
6915,S06316
6916,S06317
6917,S06318
6918,S06319
6919,S06320
6920,S06321
6921,S06322
6922,S06323
6923,S06324
6924,S06325
6925,S06326
6926,S06327
6927,S06328
6928,S06329
6929,S06330
6930,S06331
6931,S06332
6932,S06333
6933,S06334
6934,S06335
6935,S06336
6936,S06337
6937,S06338
6938,S06339
6939,S06340
6940,S06341
6941,S06342
6942,S06343
6943,S06344
6944,S06345
6945,S06346
6946,S06347
6947,S06348
6948,S06349
6949,S06350
6950,S06351
6951,S06352
6952,S06353
6953,S06354
6954,S06355
6955,S06356
6956,S06357
6957,S06358
6958,S06359
6959,S06360
6960,S06361
6961,S06362
6962,S06363
6963,S06364
6964,S06365
6965,S06366
6966,S06367
6967,S06368
6968,S06369
6969,S06370
6970,S06371
6971,S06372
6972,S06373
6973,S06374
6974,S06375
6975,S06376
6976,S06377
6977,S06378
6978,S06379
6979,S06380
6980,S06381
6981,S06382
6982,S06383
6984,S06384
6985,S06385
6986,S06386
6987,S06387
6988,S06388
6989,S06389
6990,S06390
6991,S06391
6992,S06392
6993,S06393
6994,S06394
6995,S06395
6996,S06396
6997,S06397
6998,S06398
6999,S06399
7000,S06400
7001,S06401
7002,S06402
7003,S06403
7004,S06404
7005,S06405
7006,S06406
7007,S06407
7008,S06408
7009,S06409
7010,S06410
7011,S06411
7012,S06412
7013,S06413
7014,S06414
7015,S06415
7016,S06416
7017,S06417
7018,S06418
7019,S06419
7020,S06420
7021,S06421
7022,S06422
7023,S06423
7024,S06424
7025,S06425
7026,S06426
7027,S06427
7028,S06428
7029,S06429
7030,S06430
7031,S06431
7032,S06432
7033,S06433
7034,S06434
7035,S06435
7036,S06436
7037,S06437
7038,S06438
7039,S06439
7040,S06440
7041,S06441
7042,S06442
7043,S06443
7044,S06444
7046,S06445
7047,S06446
7048,S06447
7049,S06448
7050,S06449
7051,S06450
7052,S06451
7053,S06452
7054,S06453
7055,S06454
7056,S06455
7057,S06456
7058,S06457
7059,S06458
7060,S06459
7061,S06460
7062,S06461
7063,S06462
7064,S06463
7065,S06464
7066,S06465
7067,S06466
7068,S06467
7069,S06468
7070,S06469
7071,S06470
7072,S06471
7073,S06472
7074,S06473
7075,S06474
7076,S06475
7077,S06476
7078,S06477
7079,S06478
7080,S06479
7081,S06480
7082,S06481
7083,S06482
7084,S06483
7085,S06484
7086,S06485
7087,S06486
7088,S06487
7089,S06488
7090,S06489
7091,S06490
7092,S06491
7093,S06492
7094,S06493
7095,S06494
7096,S06495
7097,S06496
7098,S06497
7099,S06498
7100,S06499
7101,S06500
7102,S06501
7103,S06502
7104,S06503
7105,S06504
7106,S06505
7107,S06506
7108,S06507
7109,S06508
7110,S06509
7111,S06510
7112,S06511
7114,S99999
7115,S99999
7116,S12345
