<?xml version="1.0" encoding="UTF-8"?>
<config xmlns="http://www.knime.org/2008/09/XMLConfig" xmlns:xsi="http://www.w3.org/2001/XMLSchema-instance" xsi:schemaLocation="http://www.knime.org/2008/09/XMLConfig http://www.knime.org/XMLConfig_2008_09.xsd" key="MiningSchema">
    <config key="learning">
        <entry key="array-size" type="xint" value="11"/>
        <entry key="0" type="xstring" value="id"/>
        <entry key="1" type="xstring" value="shape"/>
        <entry key="2" type="xstring" value="surface"/>
        <entry key="3" type="xstring" value="color"/>
        <entry key="4" type="xstring" value="bruises"/>
        <entry key="5" type="xstring" value="odor"/>
        <entry key="6" type="xstring" value="ring-number"/>
        <entry key="7" type="xstring" value="ring-type"/>
        <entry key="8" type="xstring" value="spore-print-color"/>
        <entry key="9" type="xstring" value="population"/>
        <entry key="10" type="xstring" value="habitat"/>
    </config>
    <config key="target">
        <entry key="array-size" type="xint" value="1"/>
        <entry key="0" type="xstring" value="classes"/>
    </config>
</config>
